timestamp;buyer;seller;symbol;currency;price;quantity
2500;Mark 55;Mark 01;VELVETFRUIT_EXTRACT;XIRECS;5250.0;4
2900;Mark 01;Mark 22;VEV_5400;XIRECS;22.0;3
2900;Mark 01;Mark 22;VEV_5500;XIRECS;8.0;3
2900;Mark 01;Mark 22;VEV_6000;XIRECS;0.0;3
2900;Mark 01;Mark 22;VEV_6500;XIRECS;0.0;3
5200;Mark 01;Mark 55;VELVETFRUIT_EXTRACT;XIRECS;5236.0;3
5500;Mark 55;Mark 14;VELVETFRUIT_EXTRACT;XIRECS;5241.0;8
8000;Mark 38;Mark 14;HYDROGEL_PACK;XIRECS;10018.0;6
9000;Mark 14;Mark 38;VEV_4000;XIRECS;1222.0;2
9300;Mark 14;Mark 55;VELVETFRUIT_EXTRACT;XIRECS;5229.0;6
10100;Mark 38;Mark 14;HYDROGEL_PACK;XIRECS;10014.0;5
11100;Mark 38;Mark 14;VEV_4000;XIRECS;1246.0;1
11900;Mark 55;Mark 14;VELVETFRUIT_EXTRACT;XIRECS;5237.0;4
14000;Mark 55;Mark 01;VELVETFRUIT_EXTRACT;XIRECS;5243.0;7
15200;Mark 01;Mark 22;VEV_5400;XIRECS;21.0;5
15200;Mark 01;Mark 22;VEV_5500;XIRECS;7.0;5
15200;Mark 01;Mark 22;VEV_6000;XIRECS;0.0;5
15200;Mark 01;Mark 22;VEV_6500;XIRECS;0.0;5
15300;Mark 38;Mark 14;HYDROGEL_PACK;XIRECS;10026.0;3
15400;Mark 14;Mark 38;VEV_4000;XIRECS;1232.0;3
15700;Mark 14;Mark 38;HYDROGEL_PACK;XIRECS;10009.0;2
16400;Mark 14;Mark 38;HYDROGEL_PACK;XIRECS;10009.0;4
17000;Mark 67;Mark 22;VELVETFRUIT_EXTRACT;XIRECS;5239.0;6
18600;Mark 38;Mark 14;VEV_4000;XIRECS;1247.0;3
19900;Mark 14;Mark 55;VELVETFRUIT_EXTRACT;XIRECS;5236.0;7
20300;Mark 14;Mark 38;HYDROGEL_PACK;XIRECS;10002.0;5
20500;Mark 14;Mark 38;HYDROGEL_PACK;XIRECS;10000.0;3
20700;Mark 55;Mark 01;VELVETFRUIT_EXTRACT;XIRECS;5238.0;5
22500;Mark 14;Mark 55;VELVETFRUIT_EXTRACT;XIRECS;5234.0;4
23200;Mark 22;Mark 55;VELVETFRUIT_EXTRACT;XIRECS;5234.0;4
23300;Mark 38;Mark 14;HYDROGEL_PACK;XIRECS;9997.0;2
24400;Mark 14;Mark 38;VEV_4000;XIRECS;1225.0;1
26100;Mark 67;Mark 22;VELVETFRUIT_EXTRACT;XIRECS;5227.0;5
27300;Mark 14;Mark 55;VELVETFRUIT_EXTRACT;XIRECS;5230.0;3
28400;Mark 01;Mark 55;VELVETFRUIT_EXTRACT;XIRECS;5230.0;8
28500;Mark 38;Mark 14;HYDROGEL_PACK;XIRECS;9994.0;5
29100;Mark 14;Mark 38;HYDROGEL_PACK;XIRECS;9973.0;6
29800;Mark 55;Mark 01;VELVETFRUIT_EXTRACT;XIRECS;5232.0;4
31700;Mark 01;Mark 22;VEV_5400;XIRECS;18.0;5
31700;Mark 01;Mark 22;VEV_5500;XIRECS;6.0;5
31700;Mark 01;Mark 22;VEV_6000;XIRECS;0.0;5
31700;Mark 01;Mark 22;VEV_6500;XIRECS;0.0;5
33300;Mark 55;Mark 14;VELVETFRUIT_EXTRACT;XIRECS;5233.0;6
36500;Mark 01;Mark 55;VELVETFRUIT_EXTRACT;XIRECS;5229.0;7
36800;Mark 01;Mark 55;VELVETFRUIT_EXTRACT;XIRECS;5228.0;7
37300;Mark 14;Mark 55;VELVETFRUIT_EXTRACT;XIRECS;5231.0;5
38200;Mark 14;Mark 55;VELVETFRUIT_EXTRACT;XIRECS;5232.0;5
38400;Mark 55;Mark 01;VELVETFRUIT_EXTRACT;XIRECS;5235.0;3
38700;Mark 55;Mark 01;VELVETFRUIT_EXTRACT;XIRECS;5236.0;6
39900;Mark 14;Mark 55;VELVETFRUIT_EXTRACT;XIRECS;5230.0;8
40500;Mark 22;Mark 55;VELVETFRUIT_EXTRACT;XIRECS;5232.0;7
41500;Mark 38;Mark 14;VEV_4000;XIRECS;1242.0;1
45100;Mark 01;Mark 22;VEV_5400;XIRECS;19.0;2
45100;Mark 01;Mark 22;VEV_5500;XIRECS;7.0;2
45100;Mark 01;Mark 22;VEV_6000;XIRECS;0.0;2
45100;Mark 01;Mark 22;VEV_6500;XIRECS;0.0;2
45800;Mark 14;Mark 38;HYDROGEL_PACK;XIRECS;9978.0;2
47900;Mark 14;Mark 55;VELVETFRUIT_EXTRACT;XIRECS;5234.0;4
54300;Mark 01;Mark 55;VELVETFRUIT_EXTRACT;XIRECS;5239.0;4
54600;Mark 38;Mark 14;HYDROGEL_PACK;XIRECS;9987.0;3
54900;Mark 55;Mark 14;VELVETFRUIT_EXTRACT;XIRECS;5240.0;4
55000;Mark 38;Mark 14;HYDROGEL_PACK;XIRECS;9987.0;6
56700;Mark 38;Mark 14;HYDROGEL_PACK;XIRECS;9991.0;6
57500;Mark 55;Mark 14;VELVETFRUIT_EXTRACT;XIRECS;5246.0;4
57900;Mark 14;Mark 38;VEV_4000;XIRECS;1232.0;1
60000;Mark 14;Mark 38;HYDROGEL_PACK;XIRECS;9988.0;4
61900;Mark 55;Mark 01;VELVETFRUIT_EXTRACT;XIRECS;5242.0;5
62400;Mark 14;Mark 38;VEV_4000;XIRECS;1229.0;2
63900;Mark 14;Mark 38;HYDROGEL_PACK;XIRECS;9986.0;5
65600;Mark 55;Mark 01;VELVETFRUIT_EXTRACT;XIRECS;5238.0;8
67600;Mark 38;Mark 14;HYDROGEL_PACK;XIRECS;9993.0;5
68400;Mark 01;Mark 22;VEV_6000;XIRECS;0.0;5
68400;Mark 01;Mark 22;VEV_6500;XIRECS;0.0;5
69200;Mark 49;Mark 22;VELVETFRUIT_EXTRACT;XIRECS;5239.0;8
69500;Mark 14;Mark 22;VEV_5300;XIRECS;48.0;5
69500;Mark 01;Mark 22;VEV_5400;XIRECS;20.0;5
69500;Mark 01;Mark 22;VEV_5500;XIRECS;7.0;5
69500;Mark 01;Mark 22;VEV_6000;XIRECS;0.0;5
69500;Mark 01;Mark 22;VEV_6500;XIRECS;0.0;5
73000;Mark 14;Mark 38;HYDROGEL_PACK;XIRECS;9980.0;3
75300;Mark 38;Mark 14;VEV_4000;XIRECS;1253.0;3
75500;Mark 55;Mark 14;VELVETFRUIT_EXTRACT;XIRECS;5243.0;6
75800;Mark 14;Mark 55;VELVETFRUIT_EXTRACT;XIRECS;5240.0;3
76300;Mark 55;Mark 01;VELVETFRUIT_EXTRACT;XIRECS;5247.0;8
77800;Mark 38;Mark 14;HYDROGEL_PACK;XIRECS;9990.0;2
79000;Mark 14;Mark 38;VEV_4000;XIRECS;1235.0;2
79800;Mark 14;Mark 55;VELVETFRUIT_EXTRACT;XIRECS;5247.0;6
79800;Mark 38;Mark 14;VEV_4000;XIRECS;1260.0;1
79900;Mark 38;Mark 14;VEV_4000;XIRECS;1261.0;2
81700;Mark 38;Mark 14;VEV_4000;XIRECS;1264.0;1
85300;Mark 55;Mark 01;VELVETFRUIT_EXTRACT;XIRECS;5245.0;6
85800;Mark 01;Mark 55;VELVETFRUIT_EXTRACT;XIRECS;5238.0;4
86300;Mark 55;Mark 14;VELVETFRUIT_EXTRACT;XIRECS;5244.0;7
86800;Mark 55;Mark 01;VELVETFRUIT_EXTRACT;XIRECS;5245.0;6
87400;Mark 01;Mark 22;VEV_5300;XIRECS;47.0;3
87400;Mark 01;Mark 22;VEV_5400;XIRECS;20.0;3
87400;Mark 01;Mark 22;VEV_5500;XIRECS;7.0;3
87400;Mark 01;Mark 22;VEV_6000;XIRECS;0.0;3
87400;Mark 01;Mark 22;VEV_6500;XIRECS;0.0;3
88000;Mark 38;Mark 14;VEV_4000;XIRECS;1247.0;1
88900;Mark 01;Mark 22;VEV_5500;XIRECS;7.0;4
88900;Mark 01;Mark 22;VEV_6000;XIRECS;0.0;4
88900;Mark 01;Mark 22;VEV_6500;XIRECS;0.0;4
89300;Mark 55;Mark 14;VELVETFRUIT_EXTRACT;XIRECS;5237.0;5
90000;Mark 38;Mark 14;HYDROGEL_PACK;XIRECS;9950.0;6
92600;Mark 55;Mark 14;VELVETFRUIT_EXTRACT;XIRECS;5232.0;5
93200;Mark 38;Mark 14;HYDROGEL_PACK;XIRECS;9948.0;6
94600;Mark 14;Mark 38;HYDROGEL_PACK;XIRECS;9931.0;3
94900;Mark 14;Mark 38;HYDROGEL_PACK;XIRECS;9934.0;4
96800;Mark 14;Mark 38;HYDROGEL_PACK;XIRECS;9940.0;2
98200;Mark 38;Mark 14;VEV_4000;XIRECS;1246.0;3
99100;Mark 38;Mark 14;VEV_4000;XIRECS;1251.0;1
100000;Mark 55;Mark 14;VELVETFRUIT_EXTRACT;XIRECS;5240.0;4
101800;Mark 55;Mark 01;VELVETFRUIT_EXTRACT;XIRECS;5241.0;4
102200;Mark 14;Mark 38;HYDROGEL_PACK;XIRECS;9946.0;5
102600;Mark 01;Mark 55;VELVETFRUIT_EXTRACT;XIRECS;5236.0;4
104800;Mark 55;Mark 01;VELVETFRUIT_EXTRACT;XIRECS;5235.0;6
105100;Mark 14;Mark 38;HYDROGEL_PACK;XIRECS;9943.0;4
105600;Mark 67;Mark 49;VELVETFRUIT_EXTRACT;XIRECS;5235.0;12
106100;Mark 14;Mark 38;HYDROGEL_PACK;XIRECS;9943.0;6
108800;Mark 38;Mark 14;HYDROGEL_PACK;XIRECS;9949.0;2
109300;Mark 14;Mark 38;VEV_4000;XIRECS;1216.0;1
109500;Mark 14;Mark 38;HYDROGEL_PACK;XIRECS;9926.0;2
109700;Mark 01;Mark 22;VEV_5300;XIRECS;41.0;4
109700;Mark 01;Mark 22;VEV_5400;XIRECS;17.0;4
109700;Mark 01;Mark 22;VEV_5500;XIRECS;6.0;4
109700;Mark 01;Mark 22;VEV_6000;XIRECS;0.0;4
109700;Mark 01;Mark 22;VEV_6500;XIRECS;0.0;4
110200;Mark 22;Mark 55;VELVETFRUIT_EXTRACT;XIRECS;5224.0;5
110600;Mark 01;Mark 22;VEV_5300;XIRECS;41.0;3
110600;Mark 01;Mark 22;VEV_5400;XIRECS;17.0;3
110600;Mark 01;Mark 22;VEV_5500;XIRECS;6.0;3
110600;Mark 01;Mark 22;VEV_6000;XIRECS;0.0;3
110600;Mark 01;Mark 22;VEV_6500;XIRECS;0.0;3
112900;Mark 55;Mark 14;VELVETFRUIT_EXTRACT;XIRECS;5224.0;5
116000;Mark 14;Mark 38;VEV_4000;XIRECS;1206.0;1
116300;Mark 14;Mark 38;HYDROGEL_PACK;XIRECS;9929.0;5
117700;Mark 55;Mark 01;VELVETFRUIT_EXTRACT;XIRECS;5223.0;8
120900;Mark 01;Mark 55;VELVETFRUIT_EXTRACT;XIRECS;5219.0;5
121500;Mark 38;Mark 14;VEV_4000;XIRECS;1233.0;2
122600;Mark 38;Mark 14;VEV_4000;XIRECS;1242.0;2
123200;Mark 14;Mark 55;VELVETFRUIT_EXTRACT;XIRECS;5230.0;5
125000;Mark 38;Mark 14;HYDROGEL_PACK;XIRECS;9972.0;4
125700;Mark 14;Mark 22;VEV_5300;XIRECS;45.0;4
125700;Mark 01;Mark 22;VEV_5500;XIRECS;7.0;4
125700;Mark 01;Mark 22;VEV_6000;XIRECS;0.0;4
125700;Mark 01;Mark 22;VEV_6500;XIRECS;0.0;4
127700;Mark 55;Mark 14;VELVETFRUIT_EXTRACT;XIRECS;5241.0;8
128500;Mark 14;Mark 38;HYDROGEL_PACK;XIRECS;9955.0;5
130400;Mark 38;Mark 14;VEV_4000;XIRECS;1250.0;2
130800;Mark 14;Mark 38;VEV_4000;XIRECS;1228.0;1
132000;Mark 14;Mark 38;HYDROGEL_PACK;XIRECS;9950.0;3
132900;Mark 14;Mark 38;HYDROGEL_PACK;XIRECS;9956.0;2
133600;Mark 38;Mark 14;HYDROGEL_PACK;XIRECS;9970.0;5
134400;Mark 14;Mark 38;VEV_4000;XIRECS;1231.0;2
136700;Mark 55;Mark 14;VELVETFRUIT_EXTRACT;XIRECS;5239.0;3
136800;Mark 38;Mark 14;HYDROGEL_PACK;XIRECS;9955.0;5
140500;Mark 38;Mark 14;VEV_4000;XIRECS;1239.0;3
140800;Mark 55;Mark 14;VELVETFRUIT_EXTRACT;XIRECS;5234.0;7
141700;Mark 14;Mark 38;HYDROGEL_PACK;XIRECS;9939.0;2
141700;Mark 55;Mark 01;VELVETFRUIT_EXTRACT;XIRECS;5234.0;6
142400;Mark 14;Mark 55;VELVETFRUIT_EXTRACT;XIRECS;5231.0;5
143600;Mark 14;Mark 38;HYDROGEL_PACK;XIRECS;9949.0;4
144100;Mark 14;Mark 55;VELVETFRUIT_EXTRACT;XIRECS;5227.0;7
144500;Mark 38;Mark 14;HYDROGEL_PACK;XIRECS;9966.0;3
145100;Mark 67;Mark 22;VELVETFRUIT_EXTRACT;XIRECS;5228.0;5
148100;Mark 14;Mark 55;VELVETFRUIT_EXTRACT;XIRECS;5223.0;3
148500;Mark 38;Mark 14;VEV_4000;XIRECS;1236.0;3
148700;Mark 14;Mark 55;VELVETFRUIT_EXTRACT;XIRECS;5223.0;8
150500;Mark 14;Mark 38;VEV_4000;XIRECS;1220.0;2
152200;Mark 55;Mark 01;VELVETFRUIT_EXTRACT;XIRECS;5237.0;3
152400;Mark 01;Mark 55;VELVETFRUIT_EXTRACT;XIRECS;5231.0;3
153400;Mark 14;Mark 38;HYDROGEL_PACK;XIRECS;9964.0;4
155200;Mark 38;Mark 14;HYDROGEL_PACK;XIRECS;9991.0;5
155600;Mark 38;Mark 14;VEV_4000;XIRECS;1253.0;2
156600;Mark 55;Mark 14;VELVETFRUIT_EXTRACT;XIRECS;5244.0;4
157400;Mark 01;Mark 22;VEV_5300;XIRECS;47.0;2
157400;Mark 01;Mark 22;VEV_5500;XIRECS;7.0;2
157400;Mark 01;Mark 22;VEV_6000;XIRECS;0.0;2
157400;Mark 01;Mark 22;VEV_6500;XIRECS;0.0;2
158100;Mark 38;Mark 22;HYDROGEL_PACK;XIRECS;9974.0;5
159000;Mark 55;Mark 14;VELVETFRUIT_EXTRACT;XIRECS;5249.0;6
159300;Mark 14;Mark 38;HYDROGEL_PACK;XIRECS;9969.0;2
160800;Mark 01;Mark 22;VEV_5500;XIRECS;8.0;4
160800;Mark 01;Mark 22;VEV_6000;XIRECS;0.0;4
160800;Mark 01;Mark 22;VEV_6500;XIRECS;0.0;4
162500;Mark 14;Mark 38;VEV_4000;XIRECS;1242.0;1
163300;Mark 38;Mark 14;HYDROGEL_PACK;XIRECS;9977.0;3
164600;Mark 14;Mark 38;HYDROGEL_PACK;XIRECS;9962.0;3
166000;Mark 14;Mark 38;VEV_4000;XIRECS;1239.0;2
169000;Mark 14;Mark 38;HYDROGEL_PACK;XIRECS;9953.0;3
169400;Mark 55;Mark 14;VELVETFRUIT_EXTRACT;XIRECS;5253.0;6
169900;Mark 01;Mark 22;VEV_5400;XIRECS;22.0;5
169900;Mark 01;Mark 22;VEV_6000;XIRECS;0.0;5
169900;Mark 01;Mark 22;VEV_6500;XIRECS;0.0;5
171500;Mark 38;Mark 14;HYDROGEL_PACK;XIRECS;9982.0;5
172800;Mark 55;Mark 01;VELVETFRUIT_EXTRACT;XIRECS;5252.0;3
173200;Mark 55;Mark 01;VELVETFRUIT_EXTRACT;XIRECS;5253.0;5
173700;Mark 01;Mark 22;VEV_5500;XIRECS;8.0;2
173700;Mark 01;Mark 22;VEV_6000;XIRECS;0.0;2
173700;Mark 01;Mark 22;VEV_6500;XIRECS;0.0;2
173900;Mark 01;Mark 55;VELVETFRUIT_EXTRACT;XIRECS;5245.0;5
175300;Mark 38;Mark 22;HYDROGEL_PACK;XIRECS;9969.0;6
176000;Mark 01;Mark 22;VEV_5400;XIRECS;19.0;3
176000;Mark 01;Mark 22;VEV_5500;XIRECS;7.0;3
176000;Mark 01;Mark 22;VEV_6000;XIRECS;0.0;3
176000;Mark 01;Mark 22;VEV_6500;XIRECS;0.0;3
177200;Mark 01;Mark 22;VEV_5400;XIRECS;19.0;2
177200;Mark 01;Mark 22;VEV_6000;XIRECS;0.0;2
177200;Mark 01;Mark 22;VEV_6500;XIRECS;0.0;2
178100;Mark 14;Mark 38;HYDROGEL_PACK;XIRECS;9958.0;2
178300;Mark 55;Mark 14;VELVETFRUIT_EXTRACT;XIRECS;5239.0;6
178800;Mark 14;Mark 55;VELVETFRUIT_EXTRACT;XIRECS;5237.0;5
179500;Mark 14;Mark 55;VELVETFRUIT_EXTRACT;XIRECS;5236.0;3
181700;Mark 01;Mark 22;VEV_5300;XIRECS;45.0;4
181700;Mark 01;Mark 22;VEV_5400;XIRECS;18.0;4
181700;Mark 01;Mark 22;VEV_5500;XIRECS;7.0;4
181700;Mark 01;Mark 22;VEV_6000;XIRECS;0.0;4
181700;Mark 01;Mark 22;VEV_6500;XIRECS;0.0;4
181900;Mark 38;Mark 14;HYDROGEL_PACK;XIRECS;9980.0;3
182400;Mark 38;Mark 14;HYDROGEL_PACK;XIRECS;9977.0;5
183300;Mark 38;Mark 14;HYDROGEL_PACK;XIRECS;9973.0;4
184900;Mark 01;Mark 22;VEV_5300;XIRECS;45.0;2
184900;Mark 01;Mark 22;VEV_5400;XIRECS;18.0;2
184900;Mark 01;Mark 22;VEV_5500;XIRECS;7.0;2
184900;Mark 01;Mark 22;VEV_6000;XIRECS;0.0;2
184900;Mark 01;Mark 22;VEV_6500;XIRECS;0.0;2
185800;Mark 14;Mark 38;HYDROGEL_PACK;XIRECS;9961.0;6
186600;Mark 14;Mark 22;VEV_5300;XIRECS;46.0;3
186600;Mark 01;Mark 22;VEV_5500;XIRECS;7.0;3
186600;Mark 01;Mark 22;VEV_6000;XIRECS;0.0;3
186600;Mark 01;Mark 22;VEV_6500;XIRECS;0.0;3
190100;Mark 01;Mark 22;VEV_5300;XIRECS;45.0;4
190100;Mark 01;Mark 22;VEV_5400;XIRECS;18.0;4
190100;Mark 01;Mark 22;VEV_5500;XIRECS;7.0;4
190100;Mark 01;Mark 22;VEV_6000;XIRECS;0.0;4
190100;Mark 01;Mark 22;VEV_6500;XIRECS;0.0;4
190500;Mark 14;Mark 38;VEV_4000;XIRECS;1224.0;2
190600;Mark 14;Mark 38;HYDROGEL_PACK;XIRECS;9943.0;6
193000;Mark 14;Mark 22;VEV_5300;XIRECS;43.0;2
193000;Mark 01;Mark 22;VEV_5400;XIRECS;17.0;2
193000;Mark 01;Mark 22;VEV_5500;XIRECS;6.0;2
193000;Mark 01;Mark 22;VEV_6000;XIRECS;0.0;2
193000;Mark 01;Mark 22;VEV_6500;XIRECS;0.0;2
195800;Mark 55;Mark 14;VELVETFRUIT_EXTRACT;XIRECS;5234.0;8
196500;Mark 14;Mark 55;VELVETFRUIT_EXTRACT;XIRECS;5227.0;7
196600;Mark 14;Mark 38;HYDROGEL_PACK;XIRECS;9953.0;3
197000;Mark 38;Mark 14;HYDROGEL_PACK;XIRECS;9967.0;6
198200;Mark 14;Mark 22;VEV_5300;XIRECS;42.0;5
198200;Mark 01;Mark 22;VEV_5400;XIRECS;16.0;5
198200;Mark 01;Mark 22;VEV_5500;XIRECS;6.0;5
198200;Mark 01;Mark 22;VEV_6000;XIRECS;0.0;5
198200;Mark 01;Mark 22;VEV_6500;XIRECS;0.0;5
199300;Mark 55;Mark 01;VELVETFRUIT_EXTRACT;XIRECS;5233.0;7
199700;Mark 14;Mark 55;VELVETFRUIT_EXTRACT;XIRECS;5227.0;4
200700;Mark 55;Mark 14;VELVETFRUIT_EXTRACT;XIRECS;5235.0;7
201900;Mark 01;Mark 55;VELVETFRUIT_EXTRACT;XIRECS;5230.0;4
202500;Mark 55;Mark 14;VELVETFRUIT_EXTRACT;XIRECS;5233.0;6
203600;Mark 67;Mark 22;VELVETFRUIT_EXTRACT;XIRECS;5229.0;10
203900;Mark 38;Mark 14;HYDROGEL_PACK;XIRECS;9978.0;6
206200;Mark 38;Mark 14;HYDROGEL_PACK;XIRECS;9983.0;5
206700;Mark 14;Mark 38;HYDROGEL_PACK;XIRECS;9962.0;5
207200;Mark 14;Mark 38;HYDROGEL_PACK;XIRECS;9962.0;4
207600;Mark 38;Mark 14;HYDROGEL_PACK;XIRECS;9980.0;6
209000;Mark 38;Mark 14;HYDROGEL_PACK;XIRECS;9989.0;5
209400;Mark 55;Mark 14;VELVETFRUIT_EXTRACT;XIRECS;5231.0;5
210700;Mark 55;Mark 14;VELVETFRUIT_EXTRACT;XIRECS;5238.0;6
212100;Mark 38;Mark 14;VEV_4000;XIRECS;1234.0;2
212900;Mark 01;Mark 22;VEV_5400;XIRECS;15.0;2
212900;Mark 14;Mark 22;VEV_5500;XIRECS;6.0;2
212900;Mark 01;Mark 22;VEV_6000;XIRECS;0.0;2
212900;Mark 01;Mark 22;VEV_6500;XIRECS;0.0;2
213000;Mark 14;Mark 38;VEV_4000;XIRECS;1209.0;1
213100;Mark 55;Mark 01;VELVETFRUIT_EXTRACT;XIRECS;5224.0;6
213600;Mark 67;Mark 49;VELVETFRUIT_EXTRACT;XIRECS;5221.0;13
215700;Mark 38;Mark 14;VEV_4000;XIRECS;1233.0;3
216000;Mark 14;Mark 55;VELVETFRUIT_EXTRACT;XIRECS;5222.0;3
216100;Mark 55;Mark 14;VELVETFRUIT_EXTRACT;XIRECS;5226.0;4
216600;Mark 14;Mark 55;VELVETFRUIT_EXTRACT;XIRECS;5222.0;7
217200;Mark 55;Mark 14;VELVETFRUIT_EXTRACT;XIRECS;5227.0;4
218800;Mark 38;Mark 14;HYDROGEL_PACK;XIRECS;9986.0;4
219600;Mark 14;Mark 38;VEV_4000;XIRECS;1216.0;2
220100;Mark 14;Mark 22;VEV_5200;XIRECS;84.0;5
220100;Mark 01;Mark 22;VEV_5400;XIRECS;16.0;5
220100;Mark 01;Mark 22;VEV_5500;XIRECS;6.0;5
220100;Mark 01;Mark 22;VEV_6000;XIRECS;0.0;5
220100;Mark 01;Mark 22;VEV_6500;XIRECS;0.0;5
221500;Mark 14;Mark 38;HYDROGEL_PACK;XIRECS;9986.0;3
222700;Mark 38;Mark 14;HYDROGEL_PACK;XIRECS;10002.0;6
222700;Mark 14;Mark 38;VEV_4000;XIRECS;1217.0;1
225900;Mark 55;Mark 01;VELVETFRUIT_EXTRACT;XIRECS;5235.0;5
227000;Mark 14;Mark 38;VEV_4000;XIRECS;1223.0;3
227300;Mark 67;Mark 49;VELVETFRUIT_EXTRACT;XIRECS;5231.0;13
227800;Mark 55;Mark 14;VELVETFRUIT_EXTRACT;XIRECS;5239.0;6
229700;Mark 55;Mark 14;VELVETFRUIT_EXTRACT;XIRECS;5237.0;7
230000;Mark 01;Mark 22;VEV_5400;XIRECS;17.0;5
230000;Mark 14;Mark 22;VEV_5500;XIRECS;7.0;5
230000;Mark 01;Mark 22;VEV_6000;XIRECS;0.0;5
230000;Mark 01;Mark 22;VEV_6500;XIRECS;0.0;5
231000;Mark 67;Mark 49;VELVETFRUIT_EXTRACT;XIRECS;5235.0;8
231000;Mark 01;Mark 22;VEV_5400;XIRECS;17.0;3
231000;Mark 01;Mark 22;VEV_5500;XIRECS;7.0;3
231000;Mark 01;Mark 22;VEV_6000;XIRECS;0.0;3
231000;Mark 01;Mark 22;VEV_6500;XIRECS;0.0;3
231900;Mark 14;Mark 38;VEV_4000;XIRECS;1227.0;2
232700;Mark 01;Mark 55;VELVETFRUIT_EXTRACT;XIRECS;5234.0;3
234200;Mark 14;Mark 38;HYDROGEL_PACK;XIRECS;9976.0;6
235100;Mark 14;Mark 22;VEV_5300;XIRECS;46.0;3
235100;Mark 01;Mark 22;VEV_5400;XIRECS;18.0;3
235100;Mark 01;Mark 22;VEV_5500;XIRECS;7.0;3
235100;Mark 01;Mark 22;VEV_6000;XIRECS;0.0;3
235100;Mark 01;Mark 22;VEV_6500;XIRECS;0.0;3
235900;Mark 14;Mark 55;VELVETFRUIT_EXTRACT;XIRECS;5231.0;8
237800;Mark 38;Mark 14;VEV_4000;XIRECS;1241.0;3
238700;Mark 55;Mark 14;VELVETFRUIT_EXTRACT;XIRECS;5233.0;6
239200;Mark 01;Mark 55;VELVETFRUIT_EXTRACT;XIRECS;5229.0;5
240700;Mark 14;Mark 38;HYDROGEL_PACK;XIRECS;9963.0;4
242100;Mark 55;Mark 14;VELVETFRUIT_EXTRACT;XIRECS;5237.0;3
243200;Mark 38;Mark 14;VEV_4000;XIRECS;1249.0;3
243300;Mark 38;Mark 14;HYDROGEL_PACK;XIRECS;9977.0;2
244000;Mark 14;Mark 38;VEV_4000;XIRECS;1230.0;3
246000;Mark 14;Mark 38;VEV_4000;XIRECS;1235.0;3
247100;Mark 38;Mark 14;HYDROGEL_PACK;XIRECS;9971.0;5
247200;Mark 14;Mark 38;VEV_4000;XIRECS;1233.0;3
247800;Mark 14;Mark 38;HYDROGEL_PACK;XIRECS;9952.0;4
248500;Mark 01;Mark 55;VELVETFRUIT_EXTRACT;XIRECS;5241.0;8
248700;Mark 38;Mark 14;HYDROGEL_PACK;XIRECS;9966.0;3
250200;Mark 01;Mark 55;VELVETFRUIT_EXTRACT;XIRECS;5244.0;7
251800;Mark 55;Mark 01;VELVETFRUIT_EXTRACT;XIRECS;5249.0;4
253100;Mark 14;Mark 38;VEV_4000;XIRECS;1238.0;2
256100;Mark 38;Mark 22;HYDROGEL_PACK;XIRECS;9969.0;5
256100;Mark 55;Mark 14;VELVETFRUIT_EXTRACT;XIRECS;5243.0;4
256500;Mark 01;Mark 22;VEV_5500;XIRECS;7.0;4
256500;Mark 01;Mark 22;VEV_6000;XIRECS;0.0;4
256500;Mark 01;Mark 22;VEV_6500;XIRECS;0.0;4
257100;Mark 55;Mark 01;VELVETFRUIT_EXTRACT;XIRECS;5245.0;7
257800;Mark 01;Mark 22;VEV_5500;XIRECS;7.0;4
257800;Mark 01;Mark 22;VEV_6000;XIRECS;0.0;4
257800;Mark 01;Mark 22;VEV_6500;XIRECS;0.0;4
260100;Mark 38;Mark 14;HYDROGEL_PACK;XIRECS;9999.0;2
260200;Mark 01;Mark 55;VELVETFRUIT_EXTRACT;XIRECS;5235.0;3
261500;Mark 38;Mark 14;HYDROGEL_PACK;XIRECS;10009.0;5
262300;Mark 14;Mark 38;VEV_4000;XIRECS;1234.0;3
263400;Mark 01;Mark 22;VEV_5300;XIRECS;47.0;2
263400;Mark 01;Mark 22;VEV_5400;XIRECS;18.0;2
263400;Mark 01;Mark 22;VEV_5500;XIRECS;7.0;2
263400;Mark 01;Mark 22;VEV_6000;XIRECS;0.0;2
263400;Mark 01;Mark 22;VEV_6500;XIRECS;0.0;2
263700;Mark 14;Mark 38;HYDROGEL_PACK;XIRECS;9989.0;3
265200;Mark 14;Mark 55;VELVETFRUIT_EXTRACT;XIRECS;5241.0;8
265500;Mark 14;Mark 55;VELVETFRUIT_EXTRACT;XIRECS;5241.0;6
265900;Mark 14;Mark 55;VELVETFRUIT_EXTRACT;XIRECS;5242.0;8
266000;Mark 14;Mark 55;VELVETFRUIT_EXTRACT;XIRECS;5241.0;8
266500;Mark 38;Mark 14;VEV_4000;XIRECS;1257.0;2
266800;Mark 14;Mark 38;HYDROGEL_PACK;XIRECS;9993.0;6
267500;Mark 14;Mark 55;VELVETFRUIT_EXTRACT;XIRECS;5238.0;8
270900;Mark 01;Mark 55;VELVETFRUIT_EXTRACT;XIRECS;5242.0;8
271900;Mark 38;Mark 14;VEV_4000;XIRECS;1253.0;2
273500;Mark 38;Mark 14;HYDROGEL_PACK;XIRECS;9995.0;4
273500;Mark 14;Mark 38;VEV_4000;XIRECS;1237.0;3
273700;Mark 55;Mark 14;VELVETFRUIT_EXTRACT;XIRECS;5251.0;3
275700;Mark 38;Mark 14;VEV_4000;XIRECS;1259.0;3
277200;Mark 55;Mark 14;VELVETFRUIT_EXTRACT;XIRECS;5254.0;6
277200;Mark 01;Mark 22;VEV_5400;XIRECS;20.0;3
277200;Mark 01;Mark 22;VEV_5500;XIRECS;8.0;3
277200;Mark 01;Mark 22;VEV_6000;XIRECS;0.0;3
277200;Mark 01;Mark 22;VEV_6500;XIRECS;0.0;3
278200;Mark 38;Mark 14;HYDROGEL_PACK;XIRECS;9997.0;5
278600;Mark 14;Mark 38;HYDROGEL_PACK;XIRECS;9991.0;4
280000;Mark 38;Mark 14;HYDROGEL_PACK;XIRECS;9991.0;3
280600;Mark 14;Mark 55;VELVETFRUIT_EXTRACT;XIRECS;5238.0;8
281300;Mark 55;Mark 01;VELVETFRUIT_EXTRACT;XIRECS;5242.0;8
281500;Mark 14;Mark 38;HYDROGEL_PACK;XIRECS;9973.0;5
281700;Mark 14;Mark 38;VEV_4000;XIRECS;1232.0;3
282600;Mark 55;Mark 14;VELVETFRUIT_EXTRACT;XIRECS;5243.0;7
283800;Mark 38;Mark 14;HYDROGEL_PACK;XIRECS;9990.0;2
284700;Mark 38;Mark 14;HYDROGEL_PACK;XIRECS;9979.0;2
286800;Mark 14;Mark 55;VELVETFRUIT_EXTRACT;XIRECS;5232.0;6
286800;Mark 38;Mark 14;VEV_4000;XIRECS;1245.0;3
287600;Mark 38;Mark 14;HYDROGEL_PACK;XIRECS;9980.0;6
287700;Mark 38;Mark 14;HYDROGEL_PACK;XIRECS;9984.0;3
289500;Mark 55;Mark 14;VELVETFRUIT_EXTRACT;XIRECS;5250.0;7
290600;Mark 14;Mark 38;HYDROGEL_PACK;XIRECS;9981.0;2
290700;Mark 01;Mark 22;VEV_5500;XIRECS;8.0;5
290700;Mark 01;Mark 22;VEV_6000;XIRECS;0.0;5
290700;Mark 01;Mark 22;VEV_6500;XIRECS;0.0;5
290800;Mark 38;Mark 14;HYDROGEL_PACK;XIRECS;9998.0;5
291200;Mark 01;Mark 55;VELVETFRUIT_EXTRACT;XIRECS;5237.0;7
292400;Mark 55;Mark 14;VELVETFRUIT_EXTRACT;XIRECS;5245.0;6
292800;Mark 01;Mark 22;VEV_5400;XIRECS;19.0;3
292800;Mark 01;Mark 22;VEV_5500;XIRECS;8.0;3
292800;Mark 01;Mark 22;VEV_6000;XIRECS;0.0;3
292800;Mark 01;Mark 22;VEV_6500;XIRECS;0.0;3
293200;Mark 01;Mark 55;VELVETFRUIT_EXTRACT;XIRECS;5242.0;7
294900;Mark 38;Mark 14;HYDROGEL_PACK;XIRECS;10006.0;6
296600;Mark 14;Mark 38;VEV_4000;XIRECS;1239.0;3
297300;Mark 01;Mark 55;VELVETFRUIT_EXTRACT;XIRECS;5245.0;3
297600;Mark 14;Mark 55;VELVETFRUIT_EXTRACT;XIRECS;5245.0;8
297800;Mark 55;Mark 14;VELVETFRUIT_EXTRACT;XIRECS;5251.0;5
298700;Mark 14;Mark 38;HYDROGEL_PACK;XIRECS;10003.0;4
304100;Mark 14;Mark 38;VEV_4000;XIRECS;1244.0;1
304700;Mark 55;Mark 14;VELVETFRUIT_EXTRACT;XIRECS;5255.0;4
305700;Mark 01;Mark 55;VELVETFRUIT_EXTRACT;XIRECS;5252.0;8
305800;Mark 38;Mark 14;HYDROGEL_PACK;XIRECS;10020.0;2
310000;Mark 14;Mark 55;VELVETFRUIT_EXTRACT;XIRECS;5253.0;3
310200;Mark 14;Mark 38;HYDROGEL_PACK;XIRECS;10016.0;2
311500;Mark 38;Mark 14;HYDROGEL_PACK;XIRECS;10027.0;5
313000;Mark 14;Mark 38;VEV_4000;XIRECS;1248.0;2
313400;Mark 38;Mark 14;HYDROGEL_PACK;XIRECS;10023.0;5
316700;Mark 01;Mark 22;VEV_5400;XIRECS;22.0;5
316700;Mark 01;Mark 22;VEV_5500;XIRECS;9.0;5
316700;Mark 01;Mark 22;VEV_6000;XIRECS;0.0;5
316700;Mark 01;Mark 22;VEV_6500;XIRECS;0.0;5
317600;Mark 01;Mark 22;VEV_5400;XIRECS;22.0;2
317600;Mark 01;Mark 22;VEV_5500;XIRECS;9.0;2
317600;Mark 01;Mark 22;VEV_6000;XIRECS;0.0;2
317600;Mark 01;Mark 22;VEV_6500;XIRECS;0.0;2
318700;Mark 14;Mark 38;HYDROGEL_PACK;XIRECS;10014.0;6
320300;Mark 14;Mark 38;VEV_4000;XIRECS;1253.0;2
320700;Mark 38;Mark 14;VEV_4000;XIRECS;1273.0;3
320900;Mark 38;Mark 14;HYDROGEL_PACK;XIRECS;10034.0;4
321200;Mark 14;Mark 38;HYDROGEL_PACK;XIRECS;10009.0;4
321200;Mark 67;Mark 22;VELVETFRUIT_EXTRACT;XIRECS;5257.0;10
322800;Mark 14;Mark 38;VEV_4000;XIRECS;1250.0;1
323400;Mark 67;Mark 49;VELVETFRUIT_EXTRACT;XIRECS;5258.0;12
323500;Mark 14;Mark 38;VEV_4000;XIRECS;1247.0;3
323900;Mark 67;Mark 22;VELVETFRUIT_EXTRACT;XIRECS;5258.0;7
327600;Mark 14;Mark 55;VELVETFRUIT_EXTRACT;XIRECS;5269.0;3
328800;Mark 14;Mark 38;VEV_4000;XIRECS;1256.0;3
329500;Mark 67;Mark 49;VELVETFRUIT_EXTRACT;XIRECS;5266.0;10
329700;Mark 14;Mark 55;VELVETFRUIT_EXTRACT;XIRECS;5265.0;3
330900;Mark 38;Mark 14;HYDROGEL_PACK;XIRECS;10040.0;3
331400;Mark 14;Mark 38;HYDROGEL_PACK;XIRECS;10025.0;2
332300;Mark 14;Mark 22;VEV_5300;XIRECS;58.0;4
332300;Mark 01;Mark 22;VEV_5500;XIRECS;10.0;4
332300;Mark 01;Mark 22;VEV_6000;XIRECS;0.0;4
332300;Mark 01;Mark 22;VEV_6500;XIRECS;0.0;4
332700;Mark 14;Mark 38;HYDROGEL_PACK;XIRECS;10030.0;6
335000;Mark 38;Mark 14;HYDROGEL_PACK;XIRECS;10047.0;5
335300;Mark 38;Mark 14;HYDROGEL_PACK;XIRECS;10048.0;4
335400;Mark 38;Mark 14;HYDROGEL_PACK;XIRECS;10048.0;4
335400;Mark 55;Mark 14;VELVETFRUIT_EXTRACT;XIRECS;5266.0;8
336800;Mark 14;Mark 38;HYDROGEL_PACK;XIRECS;10034.0;5
338000;Mark 55;Mark 14;VELVETFRUIT_EXTRACT;XIRECS;5262.0;3
340000;Mark 14;Mark 38;HYDROGEL_PACK;XIRECS;10028.0;6
345000;Mark 14;Mark 38;HYDROGEL_PACK;XIRECS;10015.0;4
345100;Mark 14;Mark 38;VEV_4000;XIRECS;1242.0;2
345400;Mark 14;Mark 55;VELVETFRUIT_EXTRACT;XIRECS;5250.0;8
346300;Mark 55;Mark 01;VELVETFRUIT_EXTRACT;XIRECS;5262.0;8
346400;Mark 01;Mark 55;VELVETFRUIT_EXTRACT;XIRECS;5258.0;3
347400;Mark 14;Mark 38;VEV_4000;XIRECS;1253.0;1
350700;Mark 55;Mark 01;VELVETFRUIT_EXTRACT;XIRECS;5276.0;6
351100;Mark 14;Mark 55;VELVETFRUIT_EXTRACT;XIRECS;5271.0;7
351800;Mark 14;Mark 38;VEV_4000;XIRECS;1265.0;1
352700;Mark 55;Mark 01;VELVETFRUIT_EXTRACT;XIRECS;5274.0;7
354000;Mark 14;Mark 55;VELVETFRUIT_EXTRACT;XIRECS;5270.0;3
354400;Mark 01;Mark 55;VELVETFRUIT_EXTRACT;XIRECS;5271.0;4
356200;Mark 14;Mark 38;VEV_4000;XIRECS;1262.0;1
358200;Mark 14;Mark 38;HYDROGEL_PACK;XIRECS;9994.0;6
359500;Mark 14;Mark 55;VELVETFRUIT_EXTRACT;XIRECS;5279.0;6
360000;Mark 01;Mark 22;VEV_6000;XIRECS;0.0;4
360000;Mark 01;Mark 22;VEV_6500;XIRECS;0.0;4
363700;Mark 38;Mark 14;HYDROGEL_PACK;XIRECS;10022.0;5
365100;Mark 14;Mark 38;VEV_4000;XIRECS;1266.0;1
366300;Mark 22;Mark 49;VELVETFRUIT_EXTRACT;XIRECS;5279.0;7
366900;Mark 38;Mark 14;HYDROGEL_PACK;XIRECS;10045.0;5
367000;Mark 38;Mark 14;HYDROGEL_PACK;XIRECS;10042.0;5
369300;Mark 14;Mark 38;VEV_4000;XIRECS;1263.0;1
369900;Mark 14;Mark 55;VELVETFRUIT_EXTRACT;XIRECS;5274.0;8
370400;Mark 38;Mark 14;HYDROGEL_PACK;XIRECS;10047.0;2
370600;Mark 14;Mark 38;HYDROGEL_PACK;XIRECS;10031.0;4
372300;Mark 67;Mark 22;VELVETFRUIT_EXTRACT;XIRECS;5279.0;9
373300;Mark 38;Mark 14;HYDROGEL_PACK;XIRECS;10054.0;2
374900;Mark 55;Mark 14;VELVETFRUIT_EXTRACT;XIRECS;5287.0;3
374900;Mark 38;Mark 14;VEV_4000;XIRECS;1295.0;1
376500;Mark 55;Mark 14;VELVETFRUIT_EXTRACT;XIRECS;5287.0;3
376700;Mark 55;Mark 14;VELVETFRUIT_EXTRACT;XIRECS;5286.0;8
378100;Mark 14;Mark 38;VEV_4000;XIRECS;1267.0;3
380100;Mark 38;Mark 14;VEV_4000;XIRECS;1280.0;1
380500;Mark 14;Mark 38;HYDROGEL_PACK;XIRECS;10043.0;4
381200;Mark 14;Mark 55;VELVETFRUIT_EXTRACT;XIRECS;5269.0;7
381400;Mark 14;Mark 38;HYDROGEL_PACK;XIRECS;10035.0;4
383100;Mark 14;Mark 38;HYDROGEL_PACK;XIRECS;10033.0;6
386500;Mark 55;Mark 01;VELVETFRUIT_EXTRACT;XIRECS;5271.0;3
387500;Mark 55;Mark 14;VELVETFRUIT_EXTRACT;XIRECS;5275.0;7
388000;Mark 55;Mark 01;VELVETFRUIT_EXTRACT;XIRECS;5275.0;4
389600;Mark 55;Mark 01;VELVETFRUIT_EXTRACT;XIRECS;5271.0;4
389800;Mark 38;Mark 14;HYDROGEL_PACK;XIRECS;10018.0;4
390400;Mark 14;Mark 38;HYDROGEL_PACK;XIRECS;10003.0;6
392600;Mark 55;Mark 01;VELVETFRUIT_EXTRACT;XIRECS;5266.0;8
394200;Mark 01;Mark 55;VELVETFRUIT_EXTRACT;XIRECS;5261.0;7
394300;Mark 38;Mark 14;VEV_4000;XIRECS;1272.0;2
395500;Mark 01;Mark 55;VELVETFRUIT_EXTRACT;XIRECS;5261.0;3
396900;Mark 67;Mark 49;VELVETFRUIT_EXTRACT;XIRECS;5263.0;10
397900;Mark 01;Mark 55;VELVETFRUIT_EXTRACT;XIRECS;5260.0;6
399700;Mark 14;Mark 55;VELVETFRUIT_EXTRACT;XIRECS;5259.0;6
402000;Mark 38;Mark 14;HYDROGEL_PACK;XIRECS;10016.0;4
402100;Mark 01;Mark 22;VEV_5400;XIRECS;21.0;3
402100;Mark 01;Mark 22;VEV_5500;XIRECS;9.0;3
402100;Mark 01;Mark 22;VEV_6000;XIRECS;0.0;3
402100;Mark 01;Mark 22;VEV_6500;XIRECS;0.0;3
404300;Mark 01;Mark 55;VELVETFRUIT_EXTRACT;XIRECS;5260.0;8
405600;Mark 38;Mark 14;HYDROGEL_PACK;XIRECS;9999.0;5
405800;Mark 14;Mark 55;VELVETFRUIT_EXTRACT;XIRECS;5260.0;7
407400;Mark 38;Mark 14;VEV_4000;XIRECS;1281.0;1
407800;Mark 67;Mark 49;VELVETFRUIT_EXTRACT;XIRECS;5271.0;9
409600;Mark 14;Mark 55;VELVETFRUIT_EXTRACT;XIRECS;5269.0;6
410500;Mark 38;Mark 14;HYDROGEL_PACK;XIRECS;9990.0;3
411400;Mark 38;Mark 14;VEV_4000;XIRECS;1281.0;1
414600;Mark 38;Mark 14;HYDROGEL_PACK;XIRECS;9993.0;2
414800;Mark 55;Mark 14;VELVETFRUIT_EXTRACT;XIRECS;5266.0;5
416400;Mark 14;Mark 38;HYDROGEL_PACK;XIRECS;9964.0;5
417000;Mark 38;Mark 14;HYDROGEL_PACK;XIRECS;9978.0;6
417000;Mark 67;Mark 49;VELVETFRUIT_EXTRACT;XIRECS;5264.0;9
417100;Mark 38;Mark 14;HYDROGEL_PACK;XIRECS;9977.0;2
417500;Mark 38;Mark 14;VEV_4000;XIRECS;1274.0;2
419500;Mark 14;Mark 55;VELVETFRUIT_EXTRACT;XIRECS;5262.0;5
420400;Mark 01;Mark 22;VEV_5400;XIRECS;21.0;3
420400;Mark 01;Mark 22;VEV_5500;XIRECS;9.0;3
420400;Mark 01;Mark 22;VEV_6000;XIRECS;0.0;3
420400;Mark 01;Mark 22;VEV_6500;XIRECS;0.0;3
421200;Mark 55;Mark 01;VELVETFRUIT_EXTRACT;XIRECS;5270.0;5
422900;Mark 38;Mark 14;HYDROGEL_PACK;XIRECS;9977.0;4
423100;Mark 14;Mark 55;VELVETFRUIT_EXTRACT;XIRECS;5264.0;6
425600;Mark 38;Mark 14;HYDROGEL_PACK;XIRECS;9994.0;2
428200;Mark 14;Mark 55;VELVETFRUIT_EXTRACT;XIRECS;5256.0;8
428300;Mark 38;Mark 14;HYDROGEL_PACK;XIRECS;10001.0;5
429100;Mark 14;Mark 38;HYDROGEL_PACK;XIRECS;9979.0;3
429700;Mark 67;Mark 22;VELVETFRUIT_EXTRACT;XIRECS;5249.0;8
430800;Mark 55;Mark 14;VELVETFRUIT_EXTRACT;XIRECS;5252.0;4
431800;Mark 38;Mark 14;VEV_4000;XIRECS;1260.0;1
432000;Mark 55;Mark 14;VELVETFRUIT_EXTRACT;XIRECS;5249.0;8
433100;Mark 67;Mark 49;VELVETFRUIT_EXTRACT;XIRECS;5246.0;9
433500;Mark 55;Mark 14;VELVETFRUIT_EXTRACT;XIRECS;5248.0;3
435200;Mark 38;Mark 14;HYDROGEL_PACK;XIRECS;9978.0;6
436500;Mark 38;Mark 14;HYDROGEL_PACK;XIRECS;9985.0;3
436600;Mark 55;Mark 14;VELVETFRUIT_EXTRACT;XIRECS;5249.0;8
437100;Mark 01;Mark 55;VELVETFRUIT_EXTRACT;XIRECS;5245.0;5
440100;Mark 55;Mark 14;VELVETFRUIT_EXTRACT;XIRECS;5248.0;4
442300;Mark 01;Mark 55;VELVETFRUIT_EXTRACT;XIRECS;5244.0;7
443900;Mark 38;Mark 14;HYDROGEL_PACK;XIRECS;9966.0;5
446300;Mark 38;Mark 14;HYDROGEL_PACK;XIRECS;9960.0;3
446500;Mark 14;Mark 38;VEV_4000;XIRECS;1240.0;1
447400;Mark 14;Mark 38;HYDROGEL_PACK;XIRECS;9944.0;5
447500;Mark 38;Mark 14;VEV_4000;XIRECS;1261.0;3
447800;Mark 14;Mark 38;VEV_4000;XIRECS;1240.0;3
447800;Mark 01;Mark 22;VEV_5300;XIRECS;49.0;5
447800;Mark 01;Mark 22;VEV_5400;XIRECS;18.0;5
447800;Mark 01;Mark 22;VEV_5500;XIRECS;7.0;5
447800;Mark 01;Mark 22;VEV_6000;XIRECS;0.0;5
447800;Mark 01;Mark 22;VEV_6500;XIRECS;0.0;5
448000;Mark 38;Mark 14;HYDROGEL_PACK;XIRECS;9951.0;4
448100;Mark 14;Mark 38;VEV_4000;XIRECS;1240.0;2
448400;Mark 55;Mark 01;VELVETFRUIT_EXTRACT;XIRECS;5253.0;7
449700;Mark 01;Mark 22;VEV_5400;XIRECS;17.0;5
449700;Mark 01;Mark 22;VEV_5500;XIRECS;7.0;5
449700;Mark 01;Mark 22;VEV_6000;XIRECS;0.0;5
449700;Mark 01;Mark 22;VEV_6500;XIRECS;0.0;5
450100;Mark 01;Mark 55;VELVETFRUIT_EXTRACT;XIRECS;5242.0;5
450300;Mark 49;Mark 55;VELVETFRUIT_EXTRACT;XIRECS;5246.0;7
450400;Mark 14;Mark 38;VEV_4000;XIRECS;1235.0;3
450500;Mark 67;Mark 22;VELVETFRUIT_EXTRACT;XIRECS;5243.0;6
452500;Mark 55;Mark 14;VELVETFRUIT_EXTRACT;XIRECS;5240.0;8
453100;Mark 14;Mark 22;VEV_5300;XIRECS;45.0;3
453100;Mark 01;Mark 22;VEV_5400;XIRECS;16.0;3
453100;Mark 01;Mark 22;VEV_5500;XIRECS;6.0;3
453100;Mark 01;Mark 22;VEV_6000;XIRECS;0.0;3
453100;Mark 01;Mark 22;VEV_6500;XIRECS;0.0;3
453900;Mark 67;Mark 22;VELVETFRUIT_EXTRACT;XIRECS;5237.0;10
454500;Mark 14;Mark 55;VELVETFRUIT_EXTRACT;XIRECS;5240.0;8
454500;Mark 14;Mark 38;VEV_4000;XIRECS;1232.0;2
455100;Mark 14;Mark 38;HYDROGEL_PACK;XIRECS;9962.0;5
455600;Mark 01;Mark 55;VELVETFRUIT_EXTRACT;XIRECS;5241.0;4
456500;Mark 38;Mark 14;VEV_4000;XIRECS;1251.0;3
456600;Mark 55;Mark 01;VELVETFRUIT_EXTRACT;XIRECS;5243.0;8
458100;Mark 01;Mark 55;VELVETFRUIT_EXTRACT;XIRECS;5237.0;8
459200;Mark 14;Mark 38;VEV_4000;XIRECS;1229.0;3
460000;Mark 38;Mark 14;HYDROGEL_PACK;XIRECS;9979.0;6
460100;Mark 38;Mark 14;HYDROGEL_PACK;XIRECS;9981.0;3
462900;Mark 38;Mark 14;HYDROGEL_PACK;XIRECS;9977.0;5
463000;Mark 38;Mark 14;HYDROGEL_PACK;XIRECS;9974.0;3
463300;Mark 14;Mark 55;VELVETFRUIT_EXTRACT;XIRECS;5227.0;8
463700;Mark 55;Mark 01;VELVETFRUIT_EXTRACT;XIRECS;5234.0;3
467600;Mark 14;Mark 38;HYDROGEL_PACK;XIRECS;9966.0;3
469900;Mark 55;Mark 01;VELVETFRUIT_EXTRACT;XIRECS;5233.0;3
470500;Mark 55;Mark 14;VELVETFRUIT_EXTRACT;XIRECS;5232.0;5
471100;Mark 55;Mark 01;VELVETFRUIT_EXTRACT;XIRECS;5231.0;6
471700;Mark 38;Mark 14;HYDROGEL_PACK;XIRECS;9980.0;3
472600;Mark 14;Mark 55;VELVETFRUIT_EXTRACT;XIRECS;5233.0;7
472700;Mark 14;Mark 55;VELVETFRUIT_EXTRACT;XIRECS;5234.0;6
473100;Mark 38;Mark 14;HYDROGEL_PACK;XIRECS;9970.0;3
474000;Mark 55;Mark 01;VELVETFRUIT_EXTRACT;XIRECS;5238.0;7
474600;Mark 67;Mark 22;VELVETFRUIT_EXTRACT;XIRECS;5232.0;9
474900;Mark 38;Mark 14;HYDROGEL_PACK;XIRECS;9964.0;5
476200;Mark 38;Mark 14;HYDROGEL_PACK;XIRECS;9957.0;4
476800;Mark 55;Mark 14;VELVETFRUIT_EXTRACT;XIRECS;5240.0;8
477700;Mark 38;Mark 14;HYDROGEL_PACK;XIRECS;9958.0;5
478700;Mark 14;Mark 55;VELVETFRUIT_EXTRACT;XIRECS;5234.0;3
479200;Mark 01;Mark 22;VEV_5400;XIRECS;15.0;2
479200;Mark 01;Mark 22;VEV_5500;XIRECS;6.0;2
479200;Mark 01;Mark 22;VEV_6000;XIRECS;0.0;2
479200;Mark 01;Mark 22;VEV_6500;XIRECS;0.0;2
481600;Mark 38;Mark 14;HYDROGEL_PACK;XIRECS;9956.0;3
482700;Mark 55;Mark 14;VELVETFRUIT_EXTRACT;XIRECS;5251.0;7
483100;Mark 14;Mark 55;VELVETFRUIT_EXTRACT;XIRECS;5247.0;3
486200;Mark 01;Mark 22;VEV_5400;XIRECS;17.0;4
486200;Mark 01;Mark 22;VEV_5500;XIRECS;7.0;4
486200;Mark 01;Mark 22;VEV_6000;XIRECS;0.0;4
486200;Mark 01;Mark 22;VEV_6500;XIRECS;0.0;4
487500;Mark 38;Mark 14;HYDROGEL_PACK;XIRECS;9959.0;4
488600;Mark 55;Mark 01;VELVETFRUIT_EXTRACT;XIRECS;5244.0;5
489700;Mark 14;Mark 38;HYDROGEL_PACK;XIRECS;9956.0;6
489900;Mark 14;Mark 38;HYDROGEL_PACK;XIRECS;9955.0;6
490300;Mark 01;Mark 22;VEV_5300;XIRECS;45.0;2
490300;Mark 01;Mark 22;VEV_5400;XIRECS;16.0;2
490300;Mark 01;Mark 22;VEV_5500;XIRECS;7.0;2
490300;Mark 01;Mark 22;VEV_6000;XIRECS;0.0;2
490300;Mark 01;Mark 22;VEV_6500;XIRECS;0.0;2
491300;Mark 67;Mark 22;VELVETFRUIT_EXTRACT;XIRECS;5234.0;4
491300;Mark 67;Mark 22;VELVETFRUIT_EXTRACT;XIRECS;5234.0;3
491600;Mark 55;Mark 14;VELVETFRUIT_EXTRACT;XIRECS;5238.0;3
493600;Mark 38;Mark 14;HYDROGEL_PACK;XIRECS;9982.0;2
493600;Mark 55;Mark 14;VELVETFRUIT_EXTRACT;XIRECS;5241.0;5
494100;Mark 55;Mark 14;VELVETFRUIT_EXTRACT;XIRECS;5244.0;6
495200;Mark 55;Mark 14;VELVETFRUIT_EXTRACT;XIRECS;5242.0;7
496300;Mark 14;Mark 38;HYDROGEL_PACK;XIRECS;9973.0;4
497200;Mark 14;Mark 38;HYDROGEL_PACK;XIRECS;9971.0;5
498200;Mark 14;Mark 38;HYDROGEL_PACK;XIRECS;9963.0;5
498300;Mark 14;Mark 38;VEV_4000;XIRECS;1234.0;3
499400;Mark 01;Mark 55;VELVETFRUIT_EXTRACT;XIRECS;5247.0;7
499600;Mark 14;Mark 38;HYDROGEL_PACK;XIRECS;9979.0;6
501100;Mark 55;Mark 01;VELVETFRUIT_EXTRACT;XIRECS;5246.0;6
501400;Mark 38;Mark 14;HYDROGEL_PACK;XIRECS;9986.0;5
501600;Mark 38;Mark 14;HYDROGEL_PACK;XIRECS;9985.0;6
502000;Mark 38;Mark 14;HYDROGEL_PACK;XIRECS;9983.0;3
502700;Mark 55;Mark 14;VELVETFRUIT_EXTRACT;XIRECS;5243.0;6
503200;Mark 14;Mark 38;VEV_4000;XIRECS;1228.0;3
504400;Mark 14;Mark 38;VEV_4000;XIRECS;1228.0;3
504900;Mark 14;Mark 38;VEV_4000;XIRECS;1227.0;3
505100;Mark 38;Mark 14;VEV_4000;XIRECS;1251.0;3
505700;Mark 01;Mark 22;VEV_5300;XIRECS;45.0;4
505700;Mark 01;Mark 22;VEV_5400;XIRECS;16.0;4
505700;Mark 01;Mark 22;VEV_5500;XIRECS;7.0;4
505700;Mark 01;Mark 22;VEV_6000;XIRECS;0.0;4
505700;Mark 01;Mark 22;VEV_6500;XIRECS;0.0;4
506200;Mark 14;Mark 38;VEV_4000;XIRECS;1233.0;1
507500;Mark 01;Mark 55;VELVETFRUIT_EXTRACT;XIRECS;5231.0;6
510900;Mark 14;Mark 38;HYDROGEL_PACK;XIRECS;9939.0;4
512300;Mark 14;Mark 55;VELVETFRUIT_EXTRACT;XIRECS;5225.0;7
513300;Mark 67;Mark 22;VELVETFRUIT_EXTRACT;XIRECS;5225.0;10
513900;Mark 55;Mark 14;VELVETFRUIT_EXTRACT;XIRECS;5232.0;7
515500;Mark 67;Mark 22;VELVETFRUIT_EXTRACT;XIRECS;5225.0;7
515600;Mark 14;Mark 38;HYDROGEL_PACK;XIRECS;9931.0;5
515800;Mark 55;Mark 22;VELVETFRUIT_EXTRACT;XIRECS;5228.0;4
516300;Mark 14;Mark 38;HYDROGEL_PACK;XIRECS;9937.0;5
517700;Mark 14;Mark 38;VEV_4000;XIRECS;1223.0;2
517900;Mark 38;Mark 14;HYDROGEL_PACK;XIRECS;9954.0;3
518000;Mark 14;Mark 38;HYDROGEL_PACK;XIRECS;9936.0;5
518000;Mark 14;Mark 55;VELVETFRUIT_EXTRACT;XIRECS;5234.0;7
518000;Mark 14;Mark 38;VEV_4000;XIRECS;1226.0;2
519600;Mark 14;Mark 55;VELVETFRUIT_EXTRACT;XIRECS;5241.0;5
520200;Mark 14;Mark 55;VELVETFRUIT_EXTRACT;XIRECS;5243.0;4
521000;Mark 01;Mark 55;VELVETFRUIT_EXTRACT;XIRECS;5246.0;5
521400;Mark 38;Mark 14;HYDROGEL_PACK;XIRECS;9965.0;6
521500;Mark 01;Mark 55;VELVETFRUIT_EXTRACT;XIRECS;5248.0;4
522300;Mark 38;Mark 14;HYDROGEL_PACK;XIRECS;9971.0;6
522400;Mark 14;Mark 55;VELVETFRUIT_EXTRACT;XIRECS;5249.0;7
523200;Mark 55;Mark 14;VELVETFRUIT_EXTRACT;XIRECS;5255.0;8
523700;Mark 14;Mark 38;VEV_4000;XIRECS;1241.0;1
525200;Mark 14;Mark 38;VEV_4000;XIRECS;1244.0;3
525700;Mark 55;Mark 01;VELVETFRUIT_EXTRACT;XIRECS;5257.0;8
526300;Mark 38;Mark 14;VEV_4000;XIRECS;1267.0;2
526600;Mark 14;Mark 38;VEV_4000;XIRECS;1245.0;2
526800;Mark 38;Mark 14;HYDROGEL_PACK;XIRECS;9990.0;2
527200;Mark 14;Mark 38;HYDROGEL_PACK;XIRECS;9972.0;5
528700;Mark 14;Mark 38;VEV_4000;XIRECS;1249.0;2
530400;Mark 55;Mark 01;VELVETFRUIT_EXTRACT;XIRECS;5263.0;7
531300;Mark 67;Mark 49;VELVETFRUIT_EXTRACT;XIRECS;5255.0;10
532500;Mark 38;Mark 14;VEV_4000;XIRECS;1267.0;2
534700;Mark 14;Mark 22;VEV_5300;XIRECS;51.0;5
534700;Mark 01;Mark 22;VEV_5500;XIRECS;8.0;5
534700;Mark 01;Mark 22;VEV_6000;XIRECS;0.0;5
534700;Mark 01;Mark 22;VEV_6500;XIRECS;0.0;5
535000;Mark 01;Mark 55;VELVETFRUIT_EXTRACT;XIRECS;5249.0;3
535900;Mark 67;Mark 22;VELVETFRUIT_EXTRACT;XIRECS;5253.0;7
537500;Mark 01;Mark 55;VELVETFRUIT_EXTRACT;XIRECS;5247.0;8
538100;Mark 38;Mark 14;VEV_4000;XIRECS;1256.0;2
540100;Mark 55;Mark 14;VELVETFRUIT_EXTRACT;XIRECS;5246.0;7
540300;Mark 38;Mark 14;HYDROGEL_PACK;XIRECS;9980.0;2
542600;Mark 55;Mark 01;VELVETFRUIT_EXTRACT;XIRECS;5249.0;7
543200;Mark 14;Mark 55;VELVETFRUIT_EXTRACT;XIRECS;5241.0;8
545700;Mark 14;Mark 38;HYDROGEL_PACK;XIRECS;9963.0;5
546200;Mark 55;Mark 14;VELVETFRUIT_EXTRACT;XIRECS;5243.0;5
546400;Mark 38;Mark 14;VEV_4000;XIRECS;1251.0;3
547100;Mark 67;Mark 49;VELVETFRUIT_EXTRACT;XIRECS;5240.0;12
547400;Mark 14;Mark 55;VELVETFRUIT_EXTRACT;XIRECS;5238.0;3
548800;Mark 38;Mark 14;VEV_4000;XIRECS;1253.0;2
548900;Mark 55;Mark 22;VELVETFRUIT_EXTRACT;XIRECS;5241.0;3
550400;Mark 67;Mark 22;VELVETFRUIT_EXTRACT;XIRECS;5243.0;9
551200;Mark 14;Mark 55;VELVETFRUIT_EXTRACT;XIRECS;5244.0;4
552800;Mark 55;Mark 14;VELVETFRUIT_EXTRACT;XIRECS;5248.0;7
553800;Mark 67;Mark 49;VELVETFRUIT_EXTRACT;XIRECS;5242.0;15
554300;Mark 14;Mark 38;HYDROGEL_PACK;XIRECS;9943.0;5
554300;Mark 14;Mark 55;VELVETFRUIT_EXTRACT;XIRECS;5240.0;3
554500;Mark 01;Mark 22;VEV_5400;XIRECS;16.0;4
554500;Mark 01;Mark 22;VEV_5500;XIRECS;7.0;4
554500;Mark 01;Mark 22;VEV_6000;XIRECS;0.0;4
554500;Mark 01;Mark 22;VEV_6500;XIRECS;0.0;4
555000;Mark 14;Mark 38;HYDROGEL_PACK;XIRECS;9938.0;2
557400;Mark 38;Mark 14;HYDROGEL_PACK;XIRECS;9960.0;2
558300;Mark 38;Mark 14;HYDROGEL_PACK;XIRECS;9971.0;3
559100;Mark 14;Mark 55;VELVETFRUIT_EXTRACT;XIRECS;5235.0;7
559800;Mark 38;Mark 14;HYDROGEL_PACK;XIRECS;9972.0;6
560800;Mark 55;Mark 01;VELVETFRUIT_EXTRACT;XIRECS;5238.0;4
562900;Mark 14;Mark 38;HYDROGEL_PACK;XIRECS;9960.0;5
563300;Mark 38;Mark 14;VEV_4000;XIRECS;1247.0;3
566400;Mark 55;Mark 01;VELVETFRUIT_EXTRACT;XIRECS;5246.0;6
566500;Mark 38;Mark 14;HYDROGEL_PACK;XIRECS;9958.0;3
568200;Mark 14;Mark 55;VELVETFRUIT_EXTRACT;XIRECS;5247.0;7
568400;Mark 14;Mark 38;HYDROGEL_PACK;XIRECS;9949.0;4
568500;Mark 38;Mark 14;HYDROGEL_PACK;XIRECS;9965.0;3
568800;Mark 14;Mark 22;VEV_5400;XIRECS;18.0;3
568800;Mark 01;Mark 22;VEV_5500;XIRECS;8.0;3
568800;Mark 01;Mark 22;VEV_6000;XIRECS;0.0;3
568800;Mark 01;Mark 22;VEV_6500;XIRECS;0.0;3
569000;Mark 55;Mark 01;VELVETFRUIT_EXTRACT;XIRECS;5254.0;8
571700;Mark 55;Mark 14;VELVETFRUIT_EXTRACT;XIRECS;5249.0;8
574300;Mark 14;Mark 38;HYDROGEL_PACK;XIRECS;9951.0;4
574400;Mark 14;Mark 55;VELVETFRUIT_EXTRACT;XIRECS;5239.0;5
575000;Mark 14;Mark 22;VEV_5300;XIRECS;46.0;5
575000;Mark 01;Mark 22;VEV_5500;XIRECS;7.0;5
575000;Mark 01;Mark 22;VEV_6000;XIRECS;0.0;5
575000;Mark 01;Mark 22;VEV_6500;XIRECS;0.0;5
577000;Mark 38;Mark 14;VEV_4000;XIRECS;1251.0;3
577100;Mark 38;Mark 14;VEV_4000;XIRECS;1251.0;1
579000;Mark 55;Mark 14;VELVETFRUIT_EXTRACT;XIRECS;5244.0;5
579200;Mark 14;Mark 55;VELVETFRUIT_EXTRACT;XIRECS;5240.0;4
579300;Mark 38;Mark 14;HYDROGEL_PACK;XIRECS;9969.0;2
579800;Mark 55;Mark 14;VELVETFRUIT_EXTRACT;XIRECS;5245.0;6
581000;Mark 14;Mark 55;VELVETFRUIT_EXTRACT;XIRECS;5241.0;7
581900;Mark 14;Mark 38;HYDROGEL_PACK;XIRECS;9969.0;5
584300;Mark 01;Mark 55;VELVETFRUIT_EXTRACT;XIRECS;5237.0;8
585000;Mark 14;Mark 22;VEV_5400;XIRECS;16.0;4
585000;Mark 01;Mark 22;VEV_5500;XIRECS;7.0;4
585000;Mark 01;Mark 22;VEV_6000;XIRECS;0.0;4
585000;Mark 01;Mark 22;VEV_6500;XIRECS;0.0;4
585100;Mark 55;Mark 01;VELVETFRUIT_EXTRACT;XIRECS;5246.0;6
585200;Mark 38;Mark 14;VEV_4000;XIRECS;1254.0;2
585800;Mark 01;Mark 55;VELVETFRUIT_EXTRACT;XIRECS;5233.0;6
588900;Mark 38;Mark 14;HYDROGEL_PACK;XIRECS;9991.0;3
590500;Mark 38;Mark 14;VEV_4000;XIRECS;1250.0;2
591100;Mark 14;Mark 22;VEV_5300;XIRECS;46.0;2
591100;Mark 01;Mark 22;VEV_5500;XIRECS;7.0;2
591100;Mark 01;Mark 22;VEV_6000;XIRECS;0.0;2
591100;Mark 01;Mark 22;VEV_6500;XIRECS;0.0;2
591300;Mark 14;Mark 38;HYDROGEL_PACK;XIRECS;9980.0;2
592300;Mark 14;Mark 38;HYDROGEL_PACK;XIRECS;9982.0;4
592500;Mark 67;Mark 22;VELVETFRUIT_EXTRACT;XIRECS;5248.0;10
593200;Mark 55;Mark 14;VELVETFRUIT_EXTRACT;XIRECS;5249.0;3
593300;Mark 01;Mark 22;VEV_5400;XIRECS;16.0;2
593300;Mark 01;Mark 22;VEV_5500;XIRECS;7.0;2
593300;Mark 01;Mark 22;VEV_6000;XIRECS;0.0;2
593300;Mark 01;Mark 22;VEV_6500;XIRECS;0.0;2
594300;Mark 38;Mark 14;VEV_4000;XIRECS;1257.0;3
596100;Mark 14;Mark 38;HYDROGEL_PACK;XIRECS;9977.0;4
596500;Mark 38;Mark 14;HYDROGEL_PACK;XIRECS;9996.0;6
598100;Mark 14;Mark 38;HYDROGEL_PACK;XIRECS;9981.0;6
599000;Mark 55;Mark 01;VELVETFRUIT_EXTRACT;XIRECS;5252.0;3
599500;Mark 38;Mark 14;HYDROGEL_PACK;XIRECS;10003.0;2
599700;Mark 14;Mark 38;HYDROGEL_PACK;XIRECS;9986.0;5
601600;Mark 38;Mark 14;HYDROGEL_PACK;XIRECS;9996.0;6
603000;Mark 01;Mark 22;VEV_5300;XIRECS;46.0;2
603000;Mark 01;Mark 22;VEV_5500;XIRECS;7.0;2
603000;Mark 01;Mark 22;VEV_6000;XIRECS;0.0;2
603000;Mark 01;Mark 22;VEV_6500;XIRECS;0.0;2
603100;Mark 38;Mark 14;VEV_4000;XIRECS;1252.0;3
604600;Mark 55;Mark 01;VELVETFRUIT_EXTRACT;XIRECS;5243.0;7
605600;Mark 55;Mark 14;VELVETFRUIT_EXTRACT;XIRECS;5239.0;5
606800;Mark 14;Mark 55;VELVETFRUIT_EXTRACT;XIRECS;5236.0;3
608000;Mark 14;Mark 55;VELVETFRUIT_EXTRACT;XIRECS;5236.0;8
611300;Mark 38;Mark 14;VEV_4000;XIRECS;1250.0;1
613300;Mark 01;Mark 22;VEV_5400;XIRECS;14.0;5
613300;Mark 01;Mark 22;VEV_5500;XIRECS;6.0;5
613300;Mark 01;Mark 22;VEV_6000;XIRECS;0.0;5
613300;Mark 01;Mark 22;VEV_6500;XIRECS;0.0;5
616500;Mark 38;Mark 14;HYDROGEL_PACK;XIRECS;10016.0;6
618000;Mark 14;Mark 55;VELVETFRUIT_EXTRACT;XIRECS;5228.0;6
619000;Mark 14;Mark 38;HYDROGEL_PACK;XIRECS;9987.0;2
620400;Mark 01;Mark 55;VELVETFRUIT_EXTRACT;XIRECS;5224.0;4
621900;Mark 55;Mark 14;VELVETFRUIT_EXTRACT;XIRECS;5225.0;8
622000;Mark 38;Mark 14;HYDROGEL_PACK;XIRECS;10011.0;6
622100;Mark 14;Mark 38;VEV_4000;XIRECS;1213.0;2
622700;Mark 14;Mark 55;VELVETFRUIT_EXTRACT;XIRECS;5220.0;7
623300;Mark 01;Mark 55;VELVETFRUIT_EXTRACT;XIRECS;5218.0;3
623900;Mark 38;Mark 14;VEV_4000;XIRECS;1229.0;2
624800;Mark 67;Mark 22;VELVETFRUIT_EXTRACT;XIRECS;5220.0;6
625700;Mark 14;Mark 38;HYDROGEL_PACK;XIRECS;9985.0;2
626500;Mark 01;Mark 22;VEV_5300;XIRECS;38.0;2
626500;Mark 01;Mark 22;VEV_5400;XIRECS;12.0;2
626500;Mark 01;Mark 22;VEV_5500;XIRECS;5.0;2
626500;Mark 01;Mark 22;VEV_6000;XIRECS;0.0;2
626500;Mark 01;Mark 22;VEV_6500;XIRECS;0.0;2
626900;Mark 14;Mark 38;HYDROGEL_PACK;XIRECS;9980.0;2
627400;Mark 38;Mark 14;HYDROGEL_PACK;XIRECS;9989.0;5
629100;Mark 01;Mark 55;VELVETFRUIT_EXTRACT;XIRECS;5220.0;4
629300;Mark 38;Mark 14;HYDROGEL_PACK;XIRECS;9997.0;4
629700;Mark 14;Mark 38;HYDROGEL_PACK;XIRECS;9983.0;4
631100;Mark 38;Mark 14;HYDROGEL_PACK;XIRECS;10005.0;3
631900;Mark 01;Mark 22;VEV_5300;XIRECS;38.0;4
631900;Mark 01;Mark 22;VEV_5400;XIRECS;12.0;4
631900;Mark 01;Mark 22;VEV_5500;XIRECS;5.0;4
631900;Mark 01;Mark 22;VEV_6000;XIRECS;0.0;4
631900;Mark 01;Mark 22;VEV_6500;XIRECS;0.0;4
634800;Mark 38;Mark 14;HYDROGEL_PACK;XIRECS;10012.0;2
635000;Mark 55;Mark 01;VELVETFRUIT_EXTRACT;XIRECS;5228.0;5
636500;Mark 14;Mark 55;VELVETFRUIT_EXTRACT;XIRECS;5225.0;3
636700;Mark 38;Mark 14;HYDROGEL_PACK;XIRECS;10015.0;3
637800;Mark 55;Mark 14;VELVETFRUIT_EXTRACT;XIRECS;5232.0;4
638400;Mark 14;Mark 38;HYDROGEL_PACK;XIRECS;9988.0;5
638500;Mark 38;Mark 14;HYDROGEL_PACK;XIRECS;10003.0;6
639800;Mark 55;Mark 14;VELVETFRUIT_EXTRACT;XIRECS;5233.0;5
639900;Mark 14;Mark 38;HYDROGEL_PACK;XIRECS;9978.0;2
640100;Mark 38;Mark 14;HYDROGEL_PACK;XIRECS;9998.0;4
640300;Mark 01;Mark 22;VEV_5300;XIRECS;42.0;5
640300;Mark 01;Mark 22;VEV_5500;XIRECS;6.0;5
640300;Mark 01;Mark 22;VEV_6000;XIRECS;0.0;5
640300;Mark 01;Mark 22;VEV_6500;XIRECS;0.0;5
640800;Mark 14;Mark 38;HYDROGEL_PACK;XIRECS;9983.0;5
641600;Mark 14;Mark 55;VELVETFRUIT_EXTRACT;XIRECS;5229.0;8
641800;Mark 55;Mark 14;VELVETFRUIT_EXTRACT;XIRECS;5233.0;6
642400;Mark 14;Mark 55;VELVETFRUIT_EXTRACT;XIRECS;5227.0;8
642700;Mark 67;Mark 49;VELVETFRUIT_EXTRACT;XIRECS;5229.0;13
643900;Mark 38;Mark 14;HYDROGEL_PACK;XIRECS;10010.0;6
644300;Mark 14;Mark 38;VEV_4000;XIRECS;1217.0;2
644700;Mark 55;Mark 14;VELVETFRUIT_EXTRACT;XIRECS;5233.0;4
645000;Mark 38;Mark 14;VEV_4000;XIRECS;1240.0;1
645200;Mark 01;Mark 55;VELVETFRUIT_EXTRACT;XIRECS;5224.0;7
645400;Mark 14;Mark 38;HYDROGEL_PACK;XIRECS;10009.0;4
645500;Mark 38;Mark 14;HYDROGEL_PACK;XIRECS;10024.0;2
645800;Mark 14;Mark 38;VEV_4000;XIRECS;1218.0;1
646500;Mark 38;Mark 14;HYDROGEL_PACK;XIRECS;10029.0;6
646800;Mark 55;Mark 01;VELVETFRUIT_EXTRACT;XIRECS;5233.0;5
648100;Mark 55;Mark 14;VELVETFRUIT_EXTRACT;XIRECS;5228.0;3
649600;Mark 14;Mark 38;HYDROGEL_PACK;XIRECS;10013.0;2
650900;Mark 01;Mark 55;VELVETFRUIT_EXTRACT;XIRECS;5227.0;4
652300;Mark 14;Mark 38;HYDROGEL_PACK;XIRECS;10006.0;3
653500;Mark 14;Mark 38;HYDROGEL_PACK;XIRECS;10012.0;6
655000;Mark 01;Mark 55;VELVETFRUIT_EXTRACT;XIRECS;5231.0;5
655800;Mark 14;Mark 22;VEV_5200;XIRECS;88.0;5
655800;Mark 01;Mark 22;VEV_5500;XIRECS;6.0;5
655800;Mark 01;Mark 22;VEV_6000;XIRECS;0.0;5
655800;Mark 01;Mark 22;VEV_6500;XIRECS;0.0;5
655900;Mark 01;Mark 22;VEV_5300;XIRECS;42.0;3
655900;Mark 01;Mark 22;VEV_5500;XIRECS;6.0;3
655900;Mark 01;Mark 22;VEV_6000;XIRECS;0.0;3
655900;Mark 01;Mark 22;VEV_6500;XIRECS;0.0;3
657100;Mark 14;Mark 38;VEV_4000;XIRECS;1225.0;1
658800;Mark 38;Mark 14;VEV_4000;XIRECS;1248.0;2
661800;Mark 38;Mark 14;HYDROGEL_PACK;XIRECS;10022.0;4
662400;Mark 14;Mark 38;HYDROGEL_PACK;XIRECS;10004.0;5
662500;Mark 38;Mark 14;VEV_4000;XIRECS;1256.0;1
663100;Mark 14;Mark 38;HYDROGEL_PACK;XIRECS;9998.0;5
663200;Mark 14;Mark 38;VEV_4000;XIRECS;1231.0;1
663300;Mark 55;Mark 14;VELVETFRUIT_EXTRACT;XIRECS;5245.0;3
663600;Mark 22;Mark 55;VELVETFRUIT_EXTRACT;XIRECS;5242.0;5
664000;Mark 38;Mark 14;VEV_4000;XIRECS;1251.0;2
664100;Mark 38;Mark 14;VEV_4000;XIRECS;1253.0;2
665500;Mark 38;Mark 14;VEV_4000;XIRECS;1253.0;2
668000;Mark 14;Mark 38;HYDROGEL_PACK;XIRECS;9999.0;6
668300;Mark 55;Mark 14;VELVETFRUIT_EXTRACT;XIRECS;5245.0;4
669000;Mark 01;Mark 55;VELVETFRUIT_EXTRACT;XIRECS;5238.0;6
670800;Mark 14;Mark 38;HYDROGEL_PACK;XIRECS;9993.0;5
672800;Mark 55;Mark 01;VELVETFRUIT_EXTRACT;XIRECS;5243.0;4
676600;Mark 55;Mark 01;VELVETFRUIT_EXTRACT;XIRECS;5237.0;6
678200;Mark 67;Mark 49;VELVETFRUIT_EXTRACT;XIRECS;5236.0;11
679600;Mark 38;Mark 14;HYDROGEL_PACK;XIRECS;9995.0;6
679600;Mark 55;Mark 14;VELVETFRUIT_EXTRACT;XIRECS;5244.0;4
680000;Mark 67;Mark 49;VELVETFRUIT_EXTRACT;XIRECS;5240.0;9
680300;Mark 55;Mark 14;VELVETFRUIT_EXTRACT;XIRECS;5243.0;7
681600;Mark 38;Mark 14;VEV_4000;XIRECS;1249.0;3
682000;Mark 14;Mark 55;VELVETFRUIT_EXTRACT;XIRECS;5237.0;4
682100;Mark 38;Mark 14;HYDROGEL_PACK;XIRECS;9982.0;5
682200;Mark 14;Mark 38;HYDROGEL_PACK;XIRECS;9967.0;6
683300;Mark 01;Mark 55;VELVETFRUIT_EXTRACT;XIRECS;5234.0;3
683500;Mark 38;Mark 22;HYDROGEL_PACK;XIRECS;9973.0;4
685500;Mark 55;Mark 22;VELVETFRUIT_EXTRACT;XIRECS;5244.0;5
685800;Mark 38;Mark 14;VEV_4000;XIRECS;1254.0;1
686000;Mark 14;Mark 38;HYDROGEL_PACK;XIRECS;9990.0;4
687700;Mark 67;Mark 49;VELVETFRUIT_EXTRACT;XIRECS;5244.0;9
688200;Mark 22;Mark 55;VELVETFRUIT_EXTRACT;XIRECS;5243.0;5
689200;Mark 14;Mark 38;VEV_4000;XIRECS;1232.0;3
690600;Mark 38;Mark 14;HYDROGEL_PACK;XIRECS;10000.0;3
690600;Mark 67;Mark 49;VELVETFRUIT_EXTRACT;XIRECS;5248.0;13
691300;Mark 14;Mark 38;HYDROGEL_PACK;XIRECS;9982.0;6
692200;Mark 14;Mark 38;VEV_4000;XIRECS;1237.0;2
693200;Mark 01;Mark 22;VEV_5400;XIRECS;16.0;2
693200;Mark 01;Mark 22;VEV_5500;XIRECS;7.0;2
693200;Mark 01;Mark 22;VEV_6000;XIRECS;0.0;2
693200;Mark 01;Mark 22;VEV_6500;XIRECS;0.0;2
693500;Mark 55;Mark 01;VELVETFRUIT_EXTRACT;XIRECS;5249.0;6
693800;Mark 38;Mark 14;HYDROGEL_PACK;XIRECS;10005.0;6
693900;Mark 55;Mark 14;VELVETFRUIT_EXTRACT;XIRECS;5251.0;3
695000;Mark 01;Mark 22;VEV_5400;XIRECS;16.0;2
695000;Mark 01;Mark 22;VEV_5500;XIRECS;7.0;2
695000;Mark 01;Mark 22;VEV_6000;XIRECS;0.0;2
695000;Mark 01;Mark 22;VEV_6500;XIRECS;0.0;2
696200;Mark 55;Mark 01;VELVETFRUIT_EXTRACT;XIRECS;5251.0;5
696300;Mark 55;Mark 01;VELVETFRUIT_EXTRACT;XIRECS;5251.0;6
696800;Mark 55;Mark 14;VELVETFRUIT_EXTRACT;XIRECS;5251.0;5
699400;Mark 14;Mark 38;HYDROGEL_PACK;XIRECS;10008.0;3
707400;Mark 14;Mark 38;HYDROGEL_PACK;XIRECS;10024.0;4
707600;Mark 55;Mark 01;VELVETFRUIT_EXTRACT;XIRECS;5253.0;6
708700;Mark 55;Mark 01;VELVETFRUIT_EXTRACT;XIRECS;5258.0;3
710400;Mark 55;Mark 01;VELVETFRUIT_EXTRACT;XIRECS;5252.0;3
711600;Mark 14;Mark 22;VEV_5300;XIRECS;47.0;2
711600;Mark 01;Mark 22;VEV_5400;XIRECS;16.0;2
711600;Mark 01;Mark 22;VEV_5500;XIRECS;7.0;2
711600;Mark 01;Mark 22;VEV_6000;XIRECS;0.0;2
711600;Mark 01;Mark 22;VEV_6500;XIRECS;0.0;2
711900;Mark 55;Mark 01;VELVETFRUIT_EXTRACT;XIRECS;5251.0;3
712800;Mark 14;Mark 38;HYDROGEL_PACK;XIRECS;10018.0;5
712900;Mark 55;Mark 01;VELVETFRUIT_EXTRACT;XIRECS;5250.0;6
713700;Mark 38;Mark 14;VEV_4000;XIRECS;1256.0;1
713800;Mark 38;Mark 14;VEV_4000;XIRECS;1257.0;2
714900;Mark 14;Mark 38;HYDROGEL_PACK;XIRECS;10007.0;2
715000;Mark 14;Mark 38;HYDROGEL_PACK;XIRECS;10005.0;2
715000;Mark 14;Mark 22;VEV_5400;XIRECS;17.0;3
715000;Mark 01;Mark 22;VEV_5500;XIRECS;8.0;3
715000;Mark 01;Mark 22;VEV_6000;XIRECS;0.0;3
715000;Mark 01;Mark 22;VEV_6500;XIRECS;0.0;3
715500;Mark 01;Mark 55;VELVETFRUIT_EXTRACT;XIRECS;5249.0;4
715600;Mark 14;Mark 55;VELVETFRUIT_EXTRACT;XIRECS;5249.0;5
719300;Mark 14;Mark 55;VELVETFRUIT_EXTRACT;XIRECS;5250.0;7
719900;Mark 01;Mark 55;VELVETFRUIT_EXTRACT;XIRECS;5250.0;5
721300;Mark 14;Mark 38;HYDROGEL_PACK;XIRECS;10005.0;5
721400;Mark 14;Mark 38;HYDROGEL_PACK;XIRECS;10003.0;5
722600;Mark 14;Mark 38;HYDROGEL_PACK;XIRECS;10001.0;4
722600;Mark 01;Mark 22;VEV_5500;XIRECS;8.0;3
722600;Mark 01;Mark 22;VEV_6000;XIRECS;0.0;3
722600;Mark 01;Mark 22;VEV_6500;XIRECS;0.0;3
725000;Mark 14;Mark 55;VELVETFRUIT_EXTRACT;XIRECS;5266.0;4
727400;Mark 55;Mark 22;VELVETFRUIT_EXTRACT;XIRECS;5270.0;6
729100;Mark 01;Mark 22;VEV_5400;XIRECS;20.0;3
729100;Mark 01;Mark 22;VEV_5500;XIRECS;9.0;3
729100;Mark 01;Mark 22;VEV_6000;XIRECS;0.0;3
729100;Mark 01;Mark 22;VEV_6500;XIRECS;0.0;3
731500;Mark 55;Mark 01;VELVETFRUIT_EXTRACT;XIRECS;5275.0;7
732700;Mark 01;Mark 55;VELVETFRUIT_EXTRACT;XIRECS;5268.0;8
735100;Mark 38;Mark 14;HYDROGEL_PACK;XIRECS;10039.0;5
735800;Mark 22;Mark 55;VELVETFRUIT_EXTRACT;XIRECS;5269.0;3
735900;Mark 14;Mark 38;VEV_4000;XIRECS;1260.0;2
736700;Mark 01;Mark 22;VEV_5400;XIRECS;20.0;2
736700;Mark 01;Mark 22;VEV_5500;XIRECS;9.0;2
736700;Mark 01;Mark 22;VEV_6000;XIRECS;0.0;2
736700;Mark 01;Mark 22;VEV_6500;XIRECS;0.0;2
736800;Mark 01;Mark 22;VEV_5500;XIRECS;9.0;2
736800;Mark 01;Mark 22;VEV_6000;XIRECS;0.0;2
736800;Mark 01;Mark 22;VEV_6500;XIRECS;0.0;2
738300;Mark 14;Mark 38;HYDROGEL_PACK;XIRECS;10037.0;5
738400;Mark 38;Mark 14;HYDROGEL_PACK;XIRECS;10054.0;2
739100;Mark 38;Mark 14;VEV_4000;XIRECS;1281.0;3
740800;Mark 38;Mark 14;HYDROGEL_PACK;XIRECS;10058.0;3
741100;Mark 67;Mark 49;VELVETFRUIT_EXTRACT;XIRECS;5269.0;9
741300;Mark 38;Mark 14;HYDROGEL_PACK;XIRECS;10057.0;2
744700;Mark 55;Mark 01;VELVETFRUIT_EXTRACT;XIRECS;5272.0;6
746600;Mark 01;Mark 55;VELVETFRUIT_EXTRACT;XIRECS;5269.0;7
746800;Mark 55;Mark 14;VELVETFRUIT_EXTRACT;XIRECS;5275.0;4
748000;Mark 55;Mark 01;VELVETFRUIT_EXTRACT;XIRECS;5278.0;7
748000;Mark 38;Mark 14;VEV_4000;XIRECS;1286.0;1
748800;Mark 38;Mark 14;HYDROGEL_PACK;XIRECS;10038.0;6
750300;Mark 38;Mark 14;HYDROGEL_PACK;XIRECS;10029.0;4
750300;Mark 55;Mark 14;VELVETFRUIT_EXTRACT;XIRECS;5279.0;6
754800;Mark 38;Mark 14;HYDROGEL_PACK;XIRECS;10049.0;3
755900;Mark 38;Mark 14;HYDROGEL_PACK;XIRECS;10047.0;2
756100;Mark 67;Mark 49;VELVETFRUIT_EXTRACT;XIRECS;5270.0;14
757300;Mark 01;Mark 22;VEV_6000;XIRECS;0.0;5
757300;Mark 01;Mark 22;VEV_6500;XIRECS;0.0;5
758600;Mark 55;Mark 01;VELVETFRUIT_EXTRACT;XIRECS;5275.0;3
758800;Mark 55;Mark 01;VELVETFRUIT_EXTRACT;XIRECS;5273.0;6
760300;Mark 38;Mark 14;HYDROGEL_PACK;XIRECS;10025.0;6
761600;Mark 55;Mark 01;VELVETFRUIT_EXTRACT;XIRECS;5259.0;4
761600;Mark 14;Mark 38;VEV_4000;XIRECS;1245.0;3
762000;Mark 38;Mark 14;VEV_4000;XIRECS;1267.0;2
762200;Mark 14;Mark 38;HYDROGEL_PACK;XIRECS;10003.0;3
762500;Mark 38;Mark 14;VEV_4000;XIRECS;1266.0;2
762800;Mark 14;Mark 38;HYDROGEL_PACK;XIRECS;10002.0;5
763000;Mark 38;Mark 14;HYDROGEL_PACK;XIRECS;10018.0;4
764200;Mark 14;Mark 38;HYDROGEL_PACK;XIRECS;9995.0;4
764300;Mark 55;Mark 14;VELVETFRUIT_EXTRACT;XIRECS;5258.0;7
764400;Mark 14;Mark 38;HYDROGEL_PACK;XIRECS;9994.0;5
765200;Mark 38;Mark 14;VEV_4000;XIRECS;1271.0;3
769300;Mark 01;Mark 22;VEV_5400;XIRECS;18.0;5
769300;Mark 01;Mark 22;VEV_5500;XIRECS;9.0;5
769300;Mark 01;Mark 22;VEV_6000;XIRECS;0.0;5
769300;Mark 01;Mark 22;VEV_6500;XIRECS;0.0;5
769500;Mark 38;Mark 14;HYDROGEL_PACK;XIRECS;10022.0;3
770000;Mark 55;Mark 01;VELVETFRUIT_EXTRACT;XIRECS;5265.0;3
772300;Mark 67;Mark 49;VELVETFRUIT_EXTRACT;XIRECS;5259.0;10
773400;Mark 38;Mark 14;HYDROGEL_PACK;XIRECS;10005.0;6
774500;Mark 55;Mark 01;VELVETFRUIT_EXTRACT;XIRECS;5264.0;8
775200;Mark 01;Mark 55;VELVETFRUIT_EXTRACT;XIRECS;5257.0;3
776900;Mark 14;Mark 38;HYDROGEL_PACK;XIRECS;9999.0;4
777400;Mark 55;Mark 14;VELVETFRUIT_EXTRACT;XIRECS;5255.0;4
778400;Mark 14;Mark 38;HYDROGEL_PACK;XIRECS;9999.0;6
778700;Mark 38;Mark 14;HYDROGEL_PACK;XIRECS;10011.0;4
779000;Mark 38;Mark 14;HYDROGEL_PACK;XIRECS;10010.0;4
779600;Mark 01;Mark 22;VEV_5400;XIRECS;17.0;4
779600;Mark 01;Mark 22;VEV_5500;XIRECS;8.0;4
779600;Mark 01;Mark 22;VEV_6000;XIRECS;0.0;4
779600;Mark 01;Mark 22;VEV_6500;XIRECS;0.0;4
780100;Mark 38;Mark 14;HYDROGEL_PACK;XIRECS;10020.0;4
780900;Mark 38;Mark 14;VEV_4000;XIRECS;1258.0;2
781500;Mark 01;Mark 55;VELVETFRUIT_EXTRACT;XIRECS;5247.0;7
783500;Mark 55;Mark 14;VELVETFRUIT_EXTRACT;XIRECS;5249.0;7
784600;Mark 01;Mark 55;VELVETFRUIT_EXTRACT;XIRECS;5244.0;8
785300;Mark 14;Mark 38;HYDROGEL_PACK;XIRECS;9985.0;6
787300;Mark 14;Mark 38;VEV_4000;XIRECS;1237.0;3
791300;Mark 01;Mark 22;VEV_5400;XIRECS;15.0;3
791300;Mark 01;Mark 22;VEV_5500;XIRECS;7.0;3
791300;Mark 01;Mark 22;VEV_6000;XIRECS;0.0;3
791300;Mark 01;Mark 22;VEV_6500;XIRECS;0.0;3
792300;Mark 01;Mark 55;VELVETFRUIT_EXTRACT;XIRECS;5239.0;5
793000;Mark 55;Mark 14;VELVETFRUIT_EXTRACT;XIRECS;5247.0;6
793800;Mark 38;Mark 14;HYDROGEL_PACK;XIRECS;10013.0;4
793900;Mark 01;Mark 55;VELVETFRUIT_EXTRACT;XIRECS;5241.0;6
794900;Mark 14;Mark 38;HYDROGEL_PACK;XIRECS;9991.0;4
795700;Mark 14;Mark 38;HYDROGEL_PACK;XIRECS;9982.0;4
796800;Mark 55;Mark 14;VELVETFRUIT_EXTRACT;XIRECS;5242.0;7
797900;Mark 14;Mark 55;VELVETFRUIT_EXTRACT;XIRECS;5241.0;5
798400;Mark 55;Mark 14;VELVETFRUIT_EXTRACT;XIRECS;5246.0;5
799200;Mark 38;Mark 14;HYDROGEL_PACK;XIRECS;10005.0;6
799800;Mark 01;Mark 55;VELVETFRUIT_EXTRACT;XIRECS;5245.0;6
800600;Mark 14;Mark 55;VELVETFRUIT_EXTRACT;XIRECS;5247.0;4
802300;Mark 14;Mark 38;HYDROGEL_PACK;XIRECS;9984.0;2
802300;Mark 38;Mark 14;VEV_4000;XIRECS;1261.0;2
802400;Mark 38;Mark 14;HYDROGEL_PACK;XIRECS;9997.0;6
804800;Mark 14;Mark 38;HYDROGEL_PACK;XIRECS;9980.0;4
805000;Mark 38;Mark 14;HYDROGEL_PACK;XIRECS;9998.0;5
805900;Mark 14;Mark 38;HYDROGEL_PACK;XIRECS;9977.0;3
806000;Mark 38;Mark 14;HYDROGEL_PACK;XIRECS;9993.0;5
806200;Mark 14;Mark 38;HYDROGEL_PACK;XIRECS;9975.0;4
807100;Mark 67;Mark 49;VELVETFRUIT_EXTRACT;XIRECS;5244.0;8
808600;Mark 38;Mark 14;VEV_4000;XIRECS;1252.0;1
809500;Mark 22;Mark 55;VELVETFRUIT_EXTRACT;XIRECS;5242.0;5
810000;Mark 01;Mark 22;VEV_5300;XIRECS;47.0;5
810000;Mark 01;Mark 22;VEV_5400;XIRECS;15.0;5
810000;Mark 01;Mark 22;VEV_6000;XIRECS;0.0;5
810000;Mark 01;Mark 22;VEV_6500;XIRECS;0.0;5
810200;Mark 14;Mark 38;HYDROGEL_PACK;XIRECS;9969.0;5
810600;Mark 14;Mark 55;VELVETFRUIT_EXTRACT;XIRECS;5247.0;4
812700;Mark 55;Mark 14;VELVETFRUIT_EXTRACT;XIRECS;5250.0;7
815500;Mark 14;Mark 55;VELVETFRUIT_EXTRACT;XIRECS;5249.0;7
816900;Mark 55;Mark 22;VELVETFRUIT_EXTRACT;XIRECS;5255.0;5
818500;Mark 55;Mark 01;VELVETFRUIT_EXTRACT;XIRECS;5256.0;3
819500;Mark 67;Mark 49;VELVETFRUIT_EXTRACT;XIRECS;5250.0;14
819800;Mark 38;Mark 14;VEV_4000;XIRECS;1266.0;2
821700;Mark 55;Mark 01;VELVETFRUIT_EXTRACT;XIRECS;5256.0;8
822000;Mark 14;Mark 55;VELVETFRUIT_EXTRACT;XIRECS;5253.0;8
822400;Mark 14;Mark 55;VELVETFRUIT_EXTRACT;XIRECS;5250.0;8
822700;Mark 67;Mark 49;VELVETFRUIT_EXTRACT;XIRECS;5255.0;10
824000;Mark 38;Mark 14;HYDROGEL_PACK;XIRECS;9985.0;6
824700;Mark 55;Mark 14;VELVETFRUIT_EXTRACT;XIRECS;5249.0;8
825200;Mark 01;Mark 55;VELVETFRUIT_EXTRACT;XIRECS;5244.0;3
825600;Mark 38;Mark 14;HYDROGEL_PACK;XIRECS;9987.0;5
827000;Mark 55;Mark 01;VELVETFRUIT_EXTRACT;XIRECS;5257.0;8
829700;Mark 38;Mark 14;VEV_4000;XIRECS;1272.0;2
830800;Mark 38;Mark 14;VEV_4000;XIRECS;1269.0;3
830900;Mark 01;Mark 55;VELVETFRUIT_EXTRACT;XIRECS;5254.0;7
831400;Mark 55;Mark 14;VELVETFRUIT_EXTRACT;XIRECS;5258.0;8
831800;Mark 38;Mark 14;VEV_4000;XIRECS;1266.0;2
832500;Mark 67;Mark 49;VELVETFRUIT_EXTRACT;XIRECS;5255.0;14
832700;Mark 38;Mark 14;HYDROGEL_PACK;XIRECS;9995.0;2
832900;Mark 38;Mark 14;HYDROGEL_PACK;XIRECS;9991.0;5
835500;Mark 01;Mark 22;VEV_5300;XIRECS;50.0;5
835500;Mark 01;Mark 22;VEV_5400;XIRECS;17.0;5
835500;Mark 01;Mark 22;VEV_5500;XIRECS;8.0;5
835500;Mark 01;Mark 22;VEV_6000;XIRECS;0.0;5
835500;Mark 01;Mark 22;VEV_6500;XIRECS;0.0;5
836300;Mark 01;Mark 55;VELVETFRUIT_EXTRACT;XIRECS;5252.0;7
838200;Mark 55;Mark 01;VELVETFRUIT_EXTRACT;XIRECS;5259.0;6
838500;Mark 67;Mark 22;VELVETFRUIT_EXTRACT;XIRECS;5255.0;5
838800;Mark 55;Mark 14;VELVETFRUIT_EXTRACT;XIRECS;5259.0;5
840700;Mark 67;Mark 49;VELVETFRUIT_EXTRACT;XIRECS;5260.0;13
841500;Mark 14;Mark 38;HYDROGEL_PACK;XIRECS;9983.0;2
841600;Mark 14;Mark 38;VEV_4000;XIRECS;1246.0;3
841900;Mark 55;Mark 01;VELVETFRUIT_EXTRACT;XIRECS;5259.0;3
842800;Mark 55;Mark 14;VELVETFRUIT_EXTRACT;XIRECS;5256.0;8
842900;Mark 01;Mark 22;VEV_5300;XIRECS;50.0;5
842900;Mark 01;Mark 22;VEV_5400;XIRECS;17.0;5
842900;Mark 01;Mark 22;VEV_5500;XIRECS;8.0;5
842900;Mark 01;Mark 22;VEV_6000;XIRECS;0.0;5
842900;Mark 01;Mark 22;VEV_6500;XIRECS;0.0;5
843000;Mark 38;Mark 14;HYDROGEL_PACK;XIRECS;10016.0;3
844000;Mark 55;Mark 01;VELVETFRUIT_EXTRACT;XIRECS;5254.0;7
844600;Mark 38;Mark 14;HYDROGEL_PACK;XIRECS;10006.0;4
845100;Mark 01;Mark 22;VEV_5500;XIRECS;8.0;5
845100;Mark 01;Mark 22;VEV_6000;XIRECS;0.0;5
845100;Mark 01;Mark 22;VEV_6500;XIRECS;0.0;5
847900;Mark 14;Mark 38;VEV_4000;XIRECS;1248.0;3
850400;Mark 38;Mark 14;HYDROGEL_PACK;XIRECS;10014.0;6
851700;Mark 01;Mark 55;VELVETFRUIT_EXTRACT;XIRECS;5252.0;4
852400;Mark 14;Mark 38;HYDROGEL_PACK;XIRECS;9998.0;2
852600;Mark 14;Mark 38;VEV_4000;XIRECS;1243.0;1
853800;Mark 38;Mark 14;VEV_4000;XIRECS;1265.0;1
856600;Mark 49;Mark 22;VELVETFRUIT_EXTRACT;XIRECS;5257.0;10
859100;Mark 14;Mark 38;HYDROGEL_PACK;XIRECS;10011.0;6
859100;Mark 01;Mark 22;VEV_5300;XIRECS;49.0;2
859100;Mark 01;Mark 22;VEV_5400;XIRECS;17.0;2
859100;Mark 01;Mark 22;VEV_5500;XIRECS;8.0;2
859100;Mark 01;Mark 22;VEV_6000;XIRECS;0.0;2
859100;Mark 01;Mark 22;VEV_6500;XIRECS;0.0;2
859300;Mark 14;Mark 22;VEV_5300;XIRECS;50.0;2
859300;Mark 14;Mark 22;VEV_5400;XIRECS;18.0;2
859300;Mark 01;Mark 22;VEV_5500;XIRECS;8.0;2
859300;Mark 01;Mark 22;VEV_6000;XIRECS;0.0;2
859300;Mark 01;Mark 22;VEV_6500;XIRECS;0.0;2
859700;Mark 14;Mark 38;HYDROGEL_PACK;XIRECS;10006.0;4
860500;Mark 38;Mark 14;HYDROGEL_PACK;XIRECS;10016.0;4
861800;Mark 55;Mark 14;VELVETFRUIT_EXTRACT;XIRECS;5256.0;3
862100;Mark 14;Mark 38;HYDROGEL_PACK;XIRECS;9999.0;5
862100;Mark 38;Mark 14;VEV_4000;XIRECS;1261.0;3
862500;Mark 01;Mark 22;VEV_5400;XIRECS;17.0;2
862500;Mark 01;Mark 22;VEV_5500;XIRECS;7.0;2
862500;Mark 01;Mark 22;VEV_6000;XIRECS;0.0;2
862500;Mark 01;Mark 22;VEV_6500;XIRECS;0.0;2
863700;Mark 55;Mark 01;VELVETFRUIT_EXTRACT;XIRECS;5255.0;5
864800;Mark 14;Mark 38;HYDROGEL_PACK;XIRECS;10000.0;6
864800;Mark 38;Mark 14;VEV_4000;XIRECS;1258.0;3
864900;Mark 55;Mark 14;VELVETFRUIT_EXTRACT;XIRECS;5251.0;7
866200;Mark 14;Mark 55;VELVETFRUIT_EXTRACT;XIRECS;5255.0;3
867200;Mark 38;Mark 14;HYDROGEL_PACK;XIRECS;10020.0;3
868000;Mark 14;Mark 38;HYDROGEL_PACK;XIRECS;10004.0;3
868200;Mark 14;Mark 38;HYDROGEL_PACK;XIRECS;10007.0;2
869000;Mark 14;Mark 55;VELVETFRUIT_EXTRACT;XIRECS;5265.0;5
869500;Mark 14;Mark 38;VEV_4000;XIRECS;1259.0;1
870200;Mark 55;Mark 14;VELVETFRUIT_EXTRACT;XIRECS;5271.0;6
870200;Mark 38;Mark 14;VEV_4000;XIRECS;1279.0;3
871100;Mark 55;Mark 01;VELVETFRUIT_EXTRACT;XIRECS;5270.0;4
871200;Mark 67;Mark 22;VELVETFRUIT_EXTRACT;XIRECS;5264.0;9
873100;Mark 38;Mark 14;HYDROGEL_PACK;XIRECS;10012.0;3
873700;Mark 01;Mark 22;VEV_5500;XIRECS;9.0;4
873700;Mark 01;Mark 22;VEV_6000;XIRECS;0.0;4
873700;Mark 01;Mark 22;VEV_6500;XIRECS;0.0;4
874800;Mark 14;Mark 38;HYDROGEL_PACK;XIRECS;9990.0;4
875600;Mark 38;Mark 14;VEV_4000;XIRECS;1268.0;1
876100;Mark 14;Mark 38;HYDROGEL_PACK;XIRECS;9989.0;6
878600;Mark 55;Mark 14;VELVETFRUIT_EXTRACT;XIRECS;5260.0;5
880800;Mark 55;Mark 14;VELVETFRUIT_EXTRACT;XIRECS;5258.0;5
882600;Mark 67;Mark 49;VELVETFRUIT_EXTRACT;XIRECS;5251.0;10
882800;Mark 01;Mark 55;VELVETFRUIT_EXTRACT;XIRECS;5248.0;8
883900;Mark 14;Mark 38;HYDROGEL_PACK;XIRECS;10015.0;3
884000;Mark 01;Mark 22;VEV_5400;XIRECS;17.0;5
884000;Mark 01;Mark 22;VEV_5500;XIRECS;8.0;5
884000;Mark 01;Mark 22;VEV_6000;XIRECS;0.0;5
884000;Mark 01;Mark 22;VEV_6500;XIRECS;0.0;5
884500;Mark 14;Mark 38;HYDROGEL_PACK;XIRECS;10017.0;2
885300;Mark 14;Mark 38;HYDROGEL_PACK;XIRECS;10019.0;5
885400;Mark 38;Mark 14;VEV_4000;XIRECS;1263.0;1
885800;Mark 14;Mark 55;VELVETFRUIT_EXTRACT;XIRECS;5250.0;5
886200;Mark 38;Mark 14;HYDROGEL_PACK;XIRECS;10039.0;5
886700;Mark 67;Mark 22;VELVETFRUIT_EXTRACT;XIRECS;5252.0;6
886700;Mark 14;Mark 38;VEV_4000;XIRECS;1242.0;2
889300;Mark 38;Mark 14;HYDROGEL_PACK;XIRECS;10048.0;3
890900;Mark 38;Mark 14;VEV_4000;XIRECS;1264.0;3
891000;Mark 38;Mark 14;VEV_4000;XIRECS;1265.0;1
891400;Mark 14;Mark 55;VELVETFRUIT_EXTRACT;XIRECS;5255.0;6
891500;Mark 14;Mark 38;VEV_4000;XIRECS;1248.0;3
893500;Mark 14;Mark 55;VELVETFRUIT_EXTRACT;XIRECS;5254.0;3
893800;Mark 67;Mark 22;VELVETFRUIT_EXTRACT;XIRECS;5253.0;5
895100;Mark 67;Mark 22;VELVETFRUIT_EXTRACT;XIRECS;5255.0;5
895800;Mark 01;Mark 22;VEV_6000;XIRECS;0.0;3
895800;Mark 01;Mark 22;VEV_6500;XIRECS;0.0;3
898300;Mark 01;Mark 55;VELVETFRUIT_EXTRACT;XIRECS;5259.0;8
898800;Mark 14;Mark 38;HYDROGEL_PACK;XIRECS;10002.0;5
899800;Mark 14;Mark 38;VEV_4000;XIRECS;1248.0;3
904700;Mark 14;Mark 55;VELVETFRUIT_EXTRACT;XIRECS;5239.0;7
908000;Mark 38;Mark 22;HYDROGEL_PACK;XIRECS;9980.0;4
908800;Mark 01;Mark 55;VELVETFRUIT_EXTRACT;XIRECS;5243.0;7
909100;Mark 14;Mark 55;VELVETFRUIT_EXTRACT;XIRECS;5243.0;3
910400;Mark 01;Mark 55;VELVETFRUIT_EXTRACT;XIRECS;5247.0;5
910900;Mark 14;Mark 38;HYDROGEL_PACK;XIRECS;9973.0;5
912300;Mark 14;Mark 38;HYDROGEL_PACK;XIRECS;9975.0;2
912400;Mark 14;Mark 22;VEV_5300;XIRECS;52.0;4
912400;Mark 01;Mark 22;VEV_6000;XIRECS;0.0;4
912400;Mark 01;Mark 22;VEV_6500;XIRECS;0.0;4
912800;Mark 14;Mark 55;VELVETFRUIT_EXTRACT;XIRECS;5259.0;5
913400;Mark 55;Mark 01;VELVETFRUIT_EXTRACT;XIRECS;5267.0;5
913800;Mark 14;Mark 55;VELVETFRUIT_EXTRACT;XIRECS;5260.0;7
914400;Mark 01;Mark 55;VELVETFRUIT_EXTRACT;XIRECS;5256.0;7
914600;Mark 14;Mark 38;VEV_4000;XIRECS;1249.0;2
915000;Mark 14;Mark 55;VELVETFRUIT_EXTRACT;XIRECS;5257.0;7
916300;Mark 55;Mark 14;VELVETFRUIT_EXTRACT;XIRECS;5259.0;6
916900;Mark 14;Mark 38;VEV_4000;XIRECS;1246.0;1
917000;Mark 14;Mark 38;HYDROGEL_PACK;XIRECS;9959.0;3
917000;Mark 55;Mark 01;VELVETFRUIT_EXTRACT;XIRECS;5259.0;4
918600;Mark 14;Mark 38;HYDROGEL_PACK;XIRECS;9962.0;5
919500;Mark 01;Mark 22;VEV_5400;XIRECS;18.0;4
919500;Mark 01;Mark 22;VEV_5500;XIRECS;8.0;4
919500;Mark 01;Mark 22;VEV_6000;XIRECS;0.0;4
919500;Mark 01;Mark 22;VEV_6500;XIRECS;0.0;4
920500;Mark 14;Mark 55;VELVETFRUIT_EXTRACT;XIRECS;5255.0;8
920600;Mark 01;Mark 55;VELVETFRUIT_EXTRACT;XIRECS;5254.0;7
920900;Mark 38;Mark 14;HYDROGEL_PACK;XIRECS;9987.0;6
922000;Mark 01;Mark 55;VELVETFRUIT_EXTRACT;XIRECS;5260.0;6
922400;Mark 14;Mark 38;HYDROGEL_PACK;XIRECS;9971.0;6
923100;Mark 38;Mark 14;HYDROGEL_PACK;XIRECS;9995.0;5
923400;Mark 14;Mark 38;VEV_4000;XIRECS;1258.0;3
924000;Mark 38;Mark 14;HYDROGEL_PACK;XIRECS;9989.0;6
924900;Mark 38;Mark 14;HYDROGEL_PACK;XIRECS;9997.0;6
925100;Mark 55;Mark 01;VELVETFRUIT_EXTRACT;XIRECS;5279.0;4
925200;Mark 55;Mark 01;VELVETFRUIT_EXTRACT;XIRECS;5279.0;4
925600;Mark 67;Mark 22;VELVETFRUIT_EXTRACT;XIRECS;5273.0;6
925800;Mark 38;Mark 14;VEV_4000;XIRECS;1284.0;3
928400;Mark 38;Mark 14;HYDROGEL_PACK;XIRECS;10008.0;6
928800;Mark 14;Mark 55;VELVETFRUIT_EXTRACT;XIRECS;5273.0;5
930100;Mark 38;Mark 14;VEV_4000;XIRECS;1281.0;2
930900;Mark 14;Mark 55;VELVETFRUIT_EXTRACT;XIRECS;5264.0;6
932300;Mark 14;Mark 38;VEV_4000;XIRECS;1256.0;2
932600;Mark 49;Mark 22;VELVETFRUIT_EXTRACT;XIRECS;5262.0;8
932900;Mark 14;Mark 38;HYDROGEL_PACK;XIRECS;9994.0;3
933200;Mark 55;Mark 14;VELVETFRUIT_EXTRACT;XIRECS;5266.0;4
934000;Mark 14;Mark 38;VEV_4000;XIRECS;1251.0;2
935100;Mark 14;Mark 55;VELVETFRUIT_EXTRACT;XIRECS;5259.0;4
936200;Mark 01;Mark 55;VELVETFRUIT_EXTRACT;XIRECS;5257.0;7
937400;Mark 55;Mark 14;VELVETFRUIT_EXTRACT;XIRECS;5265.0;3
937600;Mark 01;Mark 55;VELVETFRUIT_EXTRACT;XIRECS;5258.0;3
937800;Mark 14;Mark 38;VEV_4000;XIRECS;1248.0;1
938300;Mark 01;Mark 55;VELVETFRUIT_EXTRACT;XIRECS;5254.0;4
938600;Mark 01;Mark 55;VELVETFRUIT_EXTRACT;XIRECS;5254.0;6
939100;Mark 14;Mark 38;HYDROGEL_PACK;XIRECS;9994.0;5
939400;Mark 55;Mark 01;VELVETFRUIT_EXTRACT;XIRECS;5255.0;8
940000;Mark 38;Mark 14;VEV_4000;XIRECS;1264.0;1
940700;Mark 38;Mark 14;HYDROGEL_PACK;XIRECS;10008.0;3
941200;Mark 01;Mark 22;VEV_5400;XIRECS;17.0;2
941200;Mark 01;Mark 22;VEV_6000;XIRECS;0.0;2
941200;Mark 01;Mark 22;VEV_6500;XIRECS;0.0;2
941400;Mark 38;Mark 14;VEV_4000;XIRECS;1261.0;2
942000;Mark 38;Mark 14;HYDROGEL_PACK;XIRECS;10010.0;2
943300;Mark 14;Mark 38;HYDROGEL_PACK;XIRECS;9997.0;3
944100;Mark 14;Mark 38;HYDROGEL_PACK;XIRECS;9998.0;4
945000;Mark 14;Mark 38;VEV_4000;XIRECS;1236.0;2
946400;Mark 38;Mark 14;VEV_4000;XIRECS;1255.0;2
946600;Mark 01;Mark 22;VEV_5300;XIRECS;45.0;4
946600;Mark 01;Mark 22;VEV_5500;XIRECS;7.0;4
946600;Mark 01;Mark 22;VEV_6000;XIRECS;0.0;4
946600;Mark 01;Mark 22;VEV_6500;XIRECS;0.0;4
947500;Mark 67;Mark 22;VELVETFRUIT_EXTRACT;XIRECS;5242.0;8
947800;Mark 14;Mark 22;VEV_5200;XIRECS;95.0;5
947800;Mark 01;Mark 22;VEV_5400;XIRECS;16.0;5
947800;Mark 01;Mark 22;VEV_5500;XIRECS;7.0;5
947800;Mark 01;Mark 22;VEV_6000;XIRECS;0.0;5
947800;Mark 01;Mark 22;VEV_6500;XIRECS;0.0;5
948900;Mark 01;Mark 22;VEV_5400;XIRECS;16.0;3
948900;Mark 01;Mark 22;VEV_5500;XIRECS;7.0;3
948900;Mark 01;Mark 22;VEV_6000;XIRECS;0.0;3
948900;Mark 01;Mark 22;VEV_6500;XIRECS;0.0;3
949500;Mark 55;Mark 01;VELVETFRUIT_EXTRACT;XIRECS;5246.0;6
949600;Mark 38;Mark 14;HYDROGEL_PACK;XIRECS;10015.0;4
950000;Mark 14;Mark 22;VEV_5300;XIRECS;44.0;4
950000;Mark 01;Mark 22;VEV_5400;XIRECS;15.0;4
950000;Mark 01;Mark 22;VEV_6000;XIRECS;0.0;4
950000;Mark 01;Mark 22;VEV_6500;XIRECS;0.0;4
950300;Mark 14;Mark 38;HYDROGEL_PACK;XIRECS;9998.0;3
950600;Mark 38;Mark 14;HYDROGEL_PACK;XIRECS;10021.0;4
951600;Mark 14;Mark 55;VELVETFRUIT_EXTRACT;XIRECS;5236.0;5
951800;Mark 14;Mark 38;HYDROGEL_PACK;XIRECS;10005.0;5
952000;Mark 55;Mark 01;VELVETFRUIT_EXTRACT;XIRECS;5242.0;7
952800;Mark 14;Mark 38;VEV_4000;XIRECS;1230.0;1
954600;Mark 55;Mark 14;VELVETFRUIT_EXTRACT;XIRECS;5235.0;3
955100;Mark 01;Mark 55;VELVETFRUIT_EXTRACT;XIRECS;5226.0;8
957000;Mark 14;Mark 38;HYDROGEL_PACK;XIRECS;10014.0;3
958900;Mark 01;Mark 55;VELVETFRUIT_EXTRACT;XIRECS;5228.0;7
960600;Mark 14;Mark 55;VELVETFRUIT_EXTRACT;XIRECS;5231.0;5
961200;Mark 01;Mark 55;VELVETFRUIT_EXTRACT;XIRECS;5230.0;8
963500;Mark 14;Mark 55;VELVETFRUIT_EXTRACT;XIRECS;5236.0;3
965600;Mark 67;Mark 49;VELVETFRUIT_EXTRACT;XIRECS;5238.0;8
968200;Mark 14;Mark 55;VELVETFRUIT_EXTRACT;XIRECS;5232.0;6
969800;Mark 55;Mark 14;VELVETFRUIT_EXTRACT;XIRECS;5232.0;8
971300;Mark 55;Mark 01;VELVETFRUIT_EXTRACT;XIRECS;5229.0;3
971600;Mark 14;Mark 55;VELVETFRUIT_EXTRACT;XIRECS;5225.0;7
973400;Mark 38;Mark 14;HYDROGEL_PACK;XIRECS;10033.0;4
975800;Mark 38;Mark 14;HYDROGEL_PACK;XIRECS;10027.0;5
976600;Mark 01;Mark 55;VELVETFRUIT_EXTRACT;XIRECS;5231.0;7
976800;Mark 38;Mark 14;HYDROGEL_PACK;XIRECS;10023.0;6
977200;Mark 38;Mark 14;HYDROGEL_PACK;XIRECS;10021.0;5
978300;Mark 55;Mark 01;VELVETFRUIT_EXTRACT;XIRECS;5241.0;5
980400;Mark 14;Mark 38;HYDROGEL_PACK;XIRECS;9996.0;2
980400;Mark 14;Mark 55;VELVETFRUIT_EXTRACT;XIRECS;5239.0;8
983900;Mark 38;Mark 14;VEV_4000;XIRECS;1253.0;3
984900;Mark 14;Mark 55;VELVETFRUIT_EXTRACT;XIRECS;5239.0;4
985800;Mark 01;Mark 55;VELVETFRUIT_EXTRACT;XIRECS;5239.0;5
986900;Mark 55;Mark 14;VELVETFRUIT_EXTRACT;XIRECS;5250.0;8
989200;Mark 55;Mark 14;VELVETFRUIT_EXTRACT;XIRECS;5247.0;8
989700;Mark 14;Mark 38;VEV_4000;XIRECS;1234.0;2
989900;Mark 14;Mark 55;VELVETFRUIT_EXTRACT;XIRECS;5241.0;4
990100;Mark 38;Mark 14;VEV_4000;XIRECS;1254.0;2
990400;Mark 14;Mark 38;HYDROGEL_PACK;XIRECS;9988.0;4
991100;Mark 67;Mark 49;VELVETFRUIT_EXTRACT;XIRECS;5244.0;13
994300;Mark 14;Mark 22;VEV_5300;XIRECS;46.0;3
994300;Mark 01;Mark 22;VEV_5400;XIRECS;16.0;3
994300;Mark 01;Mark 22;VEV_5500;XIRECS;7.0;3
994300;Mark 01;Mark 22;VEV_6000;XIRECS;0.0;3
994300;Mark 01;Mark 22;VEV_6500;XIRECS;0.0;3
997000;Mark 22;Mark 38;HYDROGEL_PACK;XIRECS;9977.0;5
997200;Mark 38;Mark 14;VEV_4000;XIRECS;1255.0;3
997900;Mark 38;Mark 14;VEV_4000;XIRECS;1255.0;2
999000;Mark 38;Mark 14;VEV_4000;XIRECS;1253.0;1
999900;Mark 38;Mark 14;HYDROGEL_PACK;XIRECS;9966.0;5
